3,Time,Displacement,Force,Strain 1
,(s),(mm),(N),(%)
,0.0000,0.0000,-0.0788,0.0032
,0.1320,0.0051,0.0509,0.0043
,0.1580,0.0075,0.1802,0.0041
,0.1870,0.0114,0.3053,0.0046
,0.2390,0.0178,0.4344,0.0081
,0.2630,0.0202,0.5643,0.0097
,0.3060,0.0245,0.6940,0.0130
,0.3190,0.0259,0.8207,0.0139
,0.3340,0.0275,0.9492,0.0151
,0.3880,0.0328,1.0760,0.0208
,0.4460,0.0388,1.2059,0.0235
,0.4630,0.0405,1.3320,0.0243
,0.5060,0.0446,1.4572,0.0288
,0.5320,0.0472,1.5824,0.0313
,0.5600,0.0501,1.7120,0.0333
,0.6320,0.0572,1.8432,0.0412
,0.6870,0.0628,1.9712,0.0462
,0.7140,0.0654,2.1011,0.0491
,0.7610,0.0701,2.2314,0.0552
,0.7790,0.0720,2.3599,0.0576
,0.8180,0.0759,2.4934,0.0615
,0.8310,0.0772,2.6212,0.0628
,0.8920,0.0834,2.7477,0.0689
,0.9260,0.0867,2.8742,0.0704
,0.9650,0.0906,3.0009,0.0731
,1.0260,0.0968,3.1319,0.0769
,1.0550,0.0996,3.2664,0.0796
,1.0810,0.1022,3.3914,0.0812
,1.1070,0.1048,3.5226,0.0830
,1.1960,0.1136,3.6546,0.0897
,1.2120,0.1152,3.7839,0.0916
,1.2720,0.1212,3.9119,0.0972
,1.2880,0.1228,4.0395,0.0973
,1.3760,0.1317,4.1655,0.0996
,1.4110,0.1351,4.2912,0.1030
,1.4550,0.1396,4.4232,0.1075
,1.4690,0.1411,4.5510,0.1076
,1.5080,0.1449,4.6831,0.1096
,1.5550,0.1496,4.8102,0.1137
,1.5840,0.1526,4.9381,0.1166
,1.6600,0.1601,5.0654,0.1226
,1.6790,0.1620,5.1904,0.1241
,1.7130,0.1655,5.3211,0.1270
,1.7330,0.1674,5.4473,0.1286
,1.8150,0.1756,5.5755,0.1286
,1.8360,0.1777,5.7072,0.1296
,1.8870,0.1827,5.8355,0.1344
,1.9120,0.1852,5.9613,0.1365
,1.9440,0.1885,6.0871,0.1372
,2.0250,0.1966,6.2128,0.1465
,2.0410,0.1983,6.3390,0.1478
,2.1230,0.2064,6.4642,0.1566
,2.1480,0.2089,6.5934,0.1592
,2.1990,0.2140,6.7187,0.1661
,2.2210,0.2162,6.8498,0.1706
,2.2710,0.2213,6.9774,0.1777
,2.3130,0.2254,7.1034,0.1813
,2.3740,0.2314,7.2303,0.1896
,2.4140,0.2355,7.3555,0.1956
,2.4590,0.2399,7.4814,0.2013
,2.5000,0.2441,7.6119,0.2027
,2.5620,0.2502,7.7387,0.2092
,2.6020,0.2543,7.8697,0.2122
,2.6160,0.2557,7.9989,0.2124
,2.6990,0.2640,8.1293,0.2186
,2.7160,0.2657,8.2601,0.2200
,2.7780,0.2719,8.3870,0.2285
,2.8600,0.2802,8.5129,0.2409
,2.8980,0.2839,8.6419,0.2456
,2.9140,0.2854,8.7702,0.2483
,2.9700,0.2911,8.8977,0.2552
,2.9850,0.2926,9.0326,0.2569
,3.0740,0.3015,9.1597,0.2718
,3.1190,0.3059,9.2888,0.2761
,3.1680,0.3108,9.4145,0.2826
,3.1920,0.3133,9.5404,0.2845
,3.2820,0.3223,9.6713,0.2946
,3.2970,0.3239,9.7982,0.2955
,3.3490,0.3290,9.9262,0.2999
,3.4220,0.3364,10.0533,0.3087
,3.4780,0.3419,10.1807,0.3145
,3.4940,0.3435,10.3072,0.3160
,3.5270,0.3468,10.4363,0.3176
,3.6170,0.3557,10.5629,0.3242
,3.6590,0.3600,10.6906,0.3295
,3.6840,0.3624,10.8161,0.3323
,3.7630,0.3704,10.9454,0.3383
,3.8000,0.3741,11.0733,0.3378
,3.8590,0.3800,11.2071,0.3405
,3.8720,0.3813,11.3354,0.3420
,3.9670,0.3908,11.4643,0.3516
,3.9820,0.3923,11.5920,0.3527
,4.0650,0.4006,11.7247,0.3596
,4.0840,0.4025,11.8516,0.3617
,4.1640,0.4104,11.9782,0.3690
,4.2280,0.4169,12.1091,0.3701
,4.2820,0.4222,12.2366,0.3730
,4.3010,0.4241,12.3654,0.3736
,4.3420,0.4283,12.4917,0.3745
,4.4150,0.4355,12.6215,0.3765
,4.4530,0.4395,12.7466,0.3762
,4.5450,0.4486,12.8739,0.3846
,4.5610,0.4503,13.0048,0.3846
,4.6060,0.4547,13.1309,0.3863
,4.6570,0.4598,13.2568,0.3918
,4.7290,0.4670,13.3839,0.3940
,4.7890,0.4730,13.5129,0.3959
,4.8180,0.4759,13.6387,0.3975
,4.8800,0.4820,13.7693,0.3990
,4.9250,0.4866,13.9005,0.4000
,4.9420,0.4883,14.0291,0.4007
,5.0090,0.4949,14.1552,0.4040
,5.1170,0.5058,14.2806,0.4118
,5.1580,0.5100,14.4058,0.4132
,5.1850,0.5126,14.5337,0.4144
,5.2400,0.5181,14.6591,0.4173
,5.3050,0.5246,14.7887,0.4224
,5.3680,0.5309,14.9139,0.4273
,5.4290,0.5369,15.0448,0.4332
,5.4860,0.5427,15.1718,0.4391
,5.5470,0.5487,15.2982,0.4444
,5.5740,0.5514,15.4252,0.4478
,5.6190,0.5561,15.5531,0.4531
,5.6870,0.5628,15.6808,0.4603
,5.7550,0.5696,15.8077,0.4689
,5.8070,0.5748,15.9369,0.4748
,5.8270,0.5769,16.0625,0.4768
,5.8930,0.5834,16.1900,0.4852
,5.9150,0.5856,16.3175,0.4896
,6.0030,0.5943,16.4433,0.5039
,6.0150,0.5955,16.5790,0.5051
,6.0810,0.6022,16.7105,0.5111
,6.1720,0.6113,16.8386,0.5222
,6.1930,0.6134,16.9698,0.5253
,6.2670,0.6208,17.0991,0.5324
,6.3340,0.6275,17.2258,0.5458
,6.3840,0.6325,17.3557,0.5535
,6.4030,0.6345,17.4834,0.5559
,6.4600,0.6401,17.6137,0.5641
,6.5520,0.6493,17.7438,0.5744
,6.6010,0.6541,17.8702,0.5798
,6.6530,0.6594,17.9983,0.5835
,6.7130,0.6653,18.1234,0.5896
,6.7330,0.6674,18.2487,0.5929
,6.7940,0.6734,18.3766,0.6014
,6.8400,0.6781,18.5017,0.6040
,6.9340,0.6875,18.6273,0.6128
,7.0120,0.6954,18.7551,0.6211
,7.0410,0.6982,18.8862,0.6233
,7.0590,0.7000,19.0140,0.6244
,7.1490,0.7089,19.1451,0.6304
,7.1920,0.7132,19.2725,0.6332
,7.2470,0.7188,19.4012,0.6396
,7.3420,0.7283,19.5296,0.6477
,7.3800,0.7320,19.6562,0.6495
,7.4480,0.7390,19.7849,0.6528
,7.5120,0.7453,19.9131,0.6535
,7.5310,0.7472,20.0399,0.6559
,7.5840,0.7526,20.1659,0.6599
,7.6430,0.7584,20.2916,0.6651
,7.7010,0.7642,20.4197,0.6665
,7.7700,0.7711,20.5467,0.6724
,7.8350,0.7775,20.6742,0.6742
,7.9000,0.7841,20.8014,0.6725
,7.9590,0.7899,20.9302,0.6742
,7.9810,0.7921,21.0570,0.6757
,8.0350,0.7977,21.1879,0.6789
,8.0850,0.8026,21.3133,0.6810
,8.1570,0.8098,21.4522,0.6822
,8.2070,0.8148,21.5845,0.6831
,8.2920,0.8233,21.7102,0.6878
,8.3450,0.8286,21.8434,0.6919
,8.4070,0.8347,21.9702,0.6926
,8.4730,0.8414,22.0962,0.6954
,8.5300,0.8470,22.2255,0.6989
,8.5880,0.8529,22.3552,0.7055
,8.6040,0.8545,22.4833,0.7066
,8.6730,0.8614,22.6093,0.7118
,8.7310,0.8672,22.7359,0.7160
,8.8370,0.8779,22.8662,0.7260
,8.8540,0.8795,22.9926,0.7283
,8.9240,0.8866,23.1186,0.7381
,8.9430,0.8885,23.2448,0.7407
,9.0580,0.8999,23.3738,0.7562
,9.0740,0.9015,23.4992,0.7594
,9.1200,0.9060,23.6288,0.7655
,9.2140,0.9154,23.7555,0.7817
,9.2970,0.9239,23.8825,0.7934
,9.3260,0.9267,24.0103,0.7972
,9.3420,0.9282,24.1381,0.7983
,9.4490,0.9390,24.2656,0.8099
,9.4710,0.9412,24.3977,0.8121
,9.5780,0.9518,24.5270,0.8278
,9.6120,0.9553,24.6540,0.8313
,9.6520,0.9593,24.7790,0.8361
,9.7260,0.9667,24.9068,0.8480
,9.8160,0.9756,25.0332,0.8599
,9.8430,0.9784,25.1599,0.8613
,9.9100,0.9851,25.2862,0.8667
,9.9500,0.9891,25.4133,0.8719
,9.9790,0.9921,25.5405,0.8743
,10.1450,1.0086,25.6660,0.8914
,10.1610,1.0102,25.7978,0.8929
,10.2260,1.0167,25.9272,0.9008
,10.2790,1.0219,26.0546,0.9061
,10.3410,1.0282,26.1815,0.9092
,10.4260,1.0367,26.3107,0.9145
,10.4650,1.0406,26.4359,0.9221
,10.5220,1.0463,26.5676,0.9265
,10.5370,1.0479,26.6975,0.9275
,10.6650,1.0607,26.8369,0.9354
,10.6770,1.0619,26.9636,0.9363
,10.7340,1.0675,27.0930,0.9385
,10.7970,1.0738,27.2201,0.9411
,10.9100,1.0851,27.3477,0.9528
,10.9280,1.0868,27.4738,0.9537
,11.0100,1.0951,27.6018,0.9562
,11.0950,1.1036,27.7278,0.9591
,11.1710,1.1111,27.8551,0.9602
,11.1980,1.1139,27.9821,0.9598
,11.2620,1.1203,28.1091,0.9605
,11.2900,1.1231,28.2352,0.9629
,11.3680,1.1309,28.3625,0.9670
,11.4490,1.1390,28.4882,0.9724
,11.5040,1.1444,28.6139,0.9790
,11.5270,1.1467,28.7397,0.9812
,11.6050,1.1546,28.8671,0.9882
,11.7110,1.1653,28.9957,0.9943
,11.7460,1.1687,29.1242,0.9959
,11.8310,1.1773,29.2540,1.0025
,11.8570,1.1798,29.3809,1.0061
,11.9090,1.1851,29.5081,1.0127
,12.0090,1.1949,29.6389,1.0208
,12.0910,1.2031,29.7667,1.0295
,12.1150,1.2055,29.8928,1.0332
,12.1700,1.2111,30.0185,1.0433
,12.2480,1.2189,30.1464,1.0528
,12.2800,1.2222,30.2735,1.0565
,12.3700,1.2311,30.3999,1.0623
,12.3900,1.2332,30.5269,1.0649
,12.5260,1.2467,30.6556,1.0813
,12.5650,1.2506,30.7855,1.0870
,12.6280,1.2569,30.9153,1.0940
,12.7010,1.2642,31.0466,1.1053
,12.7480,1.2689,31.1809,1.1126
,12.8770,1.2818,31.3148,1.1294
,12.8950,1.2835,31.4434,1.1307
,13.0000,1.2941,31.5707,1.1440
,13.0160,1.2957,31.7003,1.1454
,13.1300,1.3071,31.8318,1.1603
,13.1480,1.3089,31.9581,1.1625
,13.2510,1.3191,32.0845,1.1750
,13.2710,1.3211,32.2151,1.1770
,13.3450,1.3285,32.3404,1.1832
,13.4460,1.3386,32.4713,1.1905
,13.4780,1.3418,32.5972,1.1929
,13.5260,1.3468,32.7268,1.1945
,13.6410,1.3583,32.8526,1.2038
,13.6990,1.3640,32.9885,1.2082
,13.7710,1.3713,33.1159,1.2134
,13.8280,1.3768,33.2564,1.2163
,13.8460,1.3786,33.3822,1.2173
,13.9570,1.3897,33.5090,1.2254
,14.0380,1.3978,33.6346,1.2307
,14.1350,1.4076,33.7669,1.2372
,14.1540,1.4094,33.8931,1.2377
,14.2140,1.4156,34.0182,1.2406
,14.2690,1.4210,34.1435,1.2445
,14.3440,1.4286,34.2685,1.2495
,14.4120,1.4352,34.3941,1.2524
,14.4720,1.4413,34.5229,1.2542
,14.5660,1.4507,34.6493,1.2578
,14.6530,1.4593,34.7785,1.2631
,14.6930,1.4635,34.9061,1.2648
,14.7240,1.4665,35.0363,1.2660
,14.8210,1.4762,35.1637,1.2742
,14.8580,1.4798,35.2917,1.2773
,15.0180,1.4959,35.4177,1.2911
,15.0420,1.4983,35.5456,1.2945
,15.0980,1.5038,35.6745,1.3010
,15.2110,1.5151,35.7996,1.3152
,15.2480,1.5189,35.9310,1.3206
,15.3650,1.5307,36.0606,1.3369
,15.4120,1.5353,36.1889,1.3404
,15.4410,1.5382,36.3157,1.3446
,15.5430,1.5484,36.4483,1.3560
,15.6130,1.5554,36.5736,1.3659
,15.7110,1.5652,36.7085,1.3789
,15.7300,1.5671,36.8340,1.3813
,15.7750,1.5715,36.9640,1.3855
,15.8280,1.5769,37.0896,1.3916
,15.9600,1.5902,37.2152,1.4041
,16.0210,1.5962,37.3427,1.4119
,16.0440,1.5986,37.4682,1.4172
,16.1610,1.6103,37.6017,1.4286
,16.2410,1.6181,37.7269,1.4361
,16.3330,1.6273,37.8578,1.4428
,16.3880,1.6329,37.9855,1.4498
,16.4840,1.6425,38.1129,1.4569
,16.5120,1.6454,38.2401,1.4591
,16.5450,1.6486,38.3654,1.4620
,16.6500,1.6592,38.4905,1.4691
,16.7420,1.6684,38.6165,1.4723
,16.7780,1.6719,38.7454,1.4748
,16.8510,1.6792,38.8725,1.4808
,16.9530,1.6894,38.9993,1.4867
,17.0510,1.6991,39.1262,1.4967
,17.0930,1.7035,39.2557,1.4994
,17.1170,1.7058,39.3813,1.5011
,17.1810,1.7122,39.5065,1.5039
,17.3000,1.7242,39.6372,1.5125
,17.3370,1.7279,39.7647,1.5159
,17.4060,1.7347,39.8913,1.5212
,17.4830,1.7423,40.0236,1.5268
,17.5440,1.7485,40.1577,1.5304
,17.6660,1.7608,40.2841,1.5436
,17.7740,1.7716,40.4131,1.5535
,17.7990,1.7740,40.5429,1.5549
,17.8610,1.7802,40.6730,1.5611
,17.9810,1.7922,40.8011,1.5731
,18.0360,1.7977,40.9285,1.5810
,18.1480,1.8089,41.0592,1.5934
,18.1880,1.8128,41.1857,1.5972
,18.2390,1.8180,41.3110,1.6061
,18.3270,1.8268,41.4360,1.6156
,18.4090,1.8349,41.5654,1.6247
,18.4270,1.8367,41.6906,1.6273
,18.6110,1.8552,41.8192,1.6471
,18.6540,1.8594,41.9456,1.6485
,18.7200,1.8661,42.0740,1.6590
,18.8220,1.8763,42.2014,1.6712
,18.8540,1.8794,42.3300,1.6737
,18.9220,1.8864,42.4578,1.6841
,19.0350,1.8977,42.5835,1.6971
,19.0810,1.9022,42.7106,1.7035
,19.1720,1.9114,42.8372,1.7126
,19.2210,1.9161,42.9670,1.7174
,19.2370,1.9177,43.0924,1.7189
,19.2550,1.9196,43.2231,1.7198
,19.2770,1.9219,43.0918,1.7208
,19.3760,1.9317,43.2232,1.7281
,19.4460,1.9386,43.3585,1.7328
,19.5060,1.9448,43.4861,1.7377
,19.6820,1.9623,43.6138,1.7502
,19.7300,1.9672,43.7442,1.7540
,19.7540,1.9696,43.8726,1.7559
,19.8200,1.9761,43.9990,1.7627
,19.9280,1.9868,44.1250,1.7665
,20.0280,1.9968,44.2500,1.7743
,20.0580,1.9999,44.3810,1.7754
,20.1670,2.0108,44.5061,1.7870
,20.2200,2.0161,44.6348,1.7911
,20.2670,2.0208,44.7606,1.7956
,20.4290,2.0370,44.8907,1.8035
,20.4520,2.0392,45.0169,1.8047
,20.5570,2.0498,45.1432,1.8079
,20.6440,2.0585,45.2686,1.8122
,20.6840,2.0624,45.3938,1.8187
,20.7920,2.0733,45.5201,1.8273
,20.8760,2.0818,45.6470,1.8375
,20.8950,2.0837,45.7724,1.8400
,21.0110,2.0952,45.9025,1.8553
,21.0760,2.1016,46.0325,1.8633
,21.1880,2.1128,46.1602,1.8764
,21.2050,2.1146,46.2855,1.8781
,21.3840,2.1325,46.4153,1.9051
,21.4390,2.1381,46.5423,1.9104
,21.5100,2.1451,46.6674,1.9206
,21.5750,2.1517,46.7935,1.9283
,21.6660,2.1607,46.9194,1.9396
,21.7610,2.1701,47.0458,1.9544
,21.8120,2.1753,47.1748,1.9583
,21.8840,2.1824,47.3019,1.9675
,21.9370,2.1878,47.4304,1.9733
,22.0620,2.2003,47.5572,1.9852
,22.2130,2.2153,47.6825,2.0041
,22.2290,2.2170,47.8135,2.0061
,22.2830,2.2224,47.9431,2.0119
,22.4000,2.2340,48.0720,2.0157
,22.4720,2.2413,48.2044,2.0218
,22.5400,2.2481,48.3299,2.0298
,22.6630,2.2604,48.4638,2.0392
,22.7250,2.2667,48.5898,2.0469
,22.8290,2.2771,48.7178,2.0529
,22.8460,2.2787,48.8433,2.0532
,23.0380,2.2979,48.9740,2.0664
,23.0520,2.2993,49.1031,2.0672
,23.2120,2.3153,49.2305,2.0801
,23.2700,2.3211,49.3575,2.0836
,23.2990,2.3241,49.4829,2.0870
,23.4560,2.3396,49.6090,2.0938
,23.4880,2.3428,49.7382,2.0963
,23.6160,2.3557,49.8646,2.1058
,23.7040,2.3644,49.9962,2.1125
,23.7920,2.3732,50.1235,2.1187
,23.8920,2.3833,50.2508,2.1293
,23.9120,2.3853,50.3801,2.1326
,24.0280,2.3968,50.5119,2.1449
,24.1680,2.4108,50.6370,2.1575
,24.1910,2.4132,50.7629,2.1599
,24.2890,2.4229,50.8888,2.1760
,24.3500,2.4291,51.0150,2.1824
,24.4120,2.4353,51.1430,2.1873
,24.5060,2.4447,51.2718,2.2004
,24.6230,2.4563,51.3969,2.2159
,24.6540,2.4595,51.5312,2.2220
,24.6690,2.4610,51.6587,2.2249
,24.6900,2.4631,51.5324,2.2292
,24.8070,2.4748,51.6610,2.2451
,24.9230,2.4864,51.7862,2.2585
,24.9920,2.4933,51.9114,2.2695
,25.0490,2.4990,52.0373,2.2789
,25.1950,2.5136,52.1650,2.2963
,25.2280,2.5169,52.2950,2.3005
,25.2990,2.5239,52.4200,2.3075
,25.4830,2.5424,52.5521,2.3207
,25.5630,2.5504,52.6785,2.3252
,25.6400,2.5580,52.8091,2.3324
,25.6800,2.5621,52.9357,2.3350
,25.7070,2.5649,52.8092,2.3354
,25.7870,2.5729,52.9387,2.3403
,25.8060,2.5748,53.0648,2.3407
,25.8730,2.5813,53.1904,2.3458
,26.0340,2.5975,53.3186,2.3527
,26.0610,2.6002,53.4443,2.3518
,26.1680,2.6110,53.5724,2.3579
,26.1900,2.6131,53.6979,2.3593
,26.3120,2.6253,53.8238,2.3671
,26.4540,2.6394,53.9502,2.3735
,26.5000,2.6441,54.0796,2.3770
,26.6110,2.6552,54.2097,2.3813
,26.6890,2.6629,54.3358,2.3903
,26.7710,2.6712,54.4671,2.3984
,26.8910,2.6832,54.5933,2.4084
,26.9620,2.6904,54.7185,2.4114
,27.0200,2.6961,54.8444,2.4181
,27.0820,2.7023,54.9699,2.4262
,27.2770,2.7217,55.1000,2.4441
,27.3690,2.7310,55.2304,2.4576
,27.4500,2.7391,55.3559,2.4679
,27.5620,2.7504,55.4833,2.4799
,27.6180,2.7559,55.6119,2.4862
,27.7250,2.7665,55.7424,2.4993
,27.8810,2.7822,55.8710,2.5187
,27.9050,2.7846,55.9978,2.5206
,28.0120,2.7954,56.1269,2.5307
,28.1360,2.8077,56.2544,2.5438
,28.2470,2.8188,56.3853,2.5580
,28.2600,2.8200,56.5164,2.5587
,28.2960,2.8236,56.3868,2.5618
,28.3390,2.8280,56.5157,2.5646
,28.4440,2.8385,56.6439,2.5729
,28.4990,2.8439,56.7737,2.5766
,28.5160,2.8456,56.9051,2.5779
,28.5630,2.8505,56.7764,2.5820
,28.6680,2.8610,56.9022,2.5923
,28.7150,2.8656,57.0297,2.5962
,28.8800,2.8820,57.1579,2.6095
,28.8950,2.8836,57.2832,2.6115
,28.9130,2.8855,57.4106,2.6128
,29.1190,2.9059,57.5360,2.6281
,29.1670,2.9108,57.6620,2.6310
,29.2210,2.9162,57.5311,2.6305
,29.2570,2.9199,57.6566,2.6309
,29.2780,2.9220,57.7869,2.6325
,29.3880,2.9330,57.9165,2.6384
,29.5290,2.9469,58.0474,2.6472
,29.5720,2.9512,58.1736,2.6496
,29.6690,2.9609,58.3053,2.6524
,29.8010,2.9742,58.4314,2.6650
,29.9500,2.9892,58.5609,2.6787
,30.0590,3.0000,58.6865,2.6872
,30.1040,3.0044,58.8120,2.6914
,30.1980,3.0139,58.9382,2.6972
,30.3390,3.0279,59.0651,2.7159
,30.4520,3.0392,59.1938,2.7264
,30.4700,3.0410,59.3190,2.7293
,30.6330,3.0575,59.4473,2.7503
,30.6590,3.0600,59.5792,2.7534
,30.7630,3.0704,59.7068,2.7682
,30.8880,3.0829,59.8337,2.7855
,30.9880,3.0930,59.9599,2.7961
,31.0960,3.1038,60.0894,2.8061
,31.1790,3.1120,60.2151,2.8167
,31.2870,3.1227,60.3416,2.8269
,31.4780,3.1418,60.4687,2.8506
,31.5420,3.1483,60.5961,2.8562
,31.6730,3.1615,60.7242,2.8645
,31.7170,3.1658,60.8525,2.8692
,31.8640,3.1805,60.9791,2.8811
,31.9370,3.1877,61.1051,2.8830
,32.0980,3.2038,61.2403,2.8891
,32.1100,3.2051,61.3725,2.8890
,32.2660,3.2207,61.5002,2.8972
,32.3480,3.2290,61.6273,2.9027
,32.5540,3.2494,61.7542,2.9166
,32.6010,3.2542,61.8817,2.9213
,32.6130,3.2553,62.0121,2.9223
,32.7530,3.2693,62.1372,2.9309
,32.8760,3.2816,62.2622,2.9406
,32.9880,3.2929,62.3932,2.9498
,33.1180,3.3058,62.5183,2.9591
,33.2030,3.3143,62.6439,2.9696
,33.3150,3.3255,62.7713,2.9826
,33.4500,3.3390,62.8968,2.9985
,33.5150,3.3457,63.0274,3.0089
,33.6370,3.3579,63.1549,3.0280
,33.6900,3.3630,63.2804,3.0368
,33.7010,3.3641,63.4179,3.0382
,33.7260,3.3667,63.2801,3.0411
,33.7360,3.3678,63.1513,3.0417
,33.7590,3.3700,63.2779,3.0435
,33.7890,3.3729,63.1523,3.0467
,33.8250,3.3766,63.2875,3.0498
,33.8400,3.3781,63.4144,3.0518
,34.0270,3.3968,63.5405,3.0802
,34.1410,3.4082,63.6664,3.0918
,34.2160,3.4158,63.7923,3.1021
,34.3140,3.4255,63.9192,3.1130
,34.4460,3.4387,64.0469,3.1263
,34.4960,3.4436,64.1726,3.1324
,34.6600,3.4602,64.2995,3.1470
,34.8100,3.4751,64.4258,3.1580
,34.9330,3.4873,64.5535,3.1659
,34.9830,3.4924,64.6815,3.1681
,35.0960,3.5037,64.8140,3.1650
,35.1370,3.5078,64.9416,3.1666
,35.3080,3.5249,65.0667,3.1783
,35.3950,3.5336,65.1925,3.1831
,35.4580,3.5400,65.0650,3.1873
,35.5350,3.5475,65.1947,3.1925
,35.5450,3.5485,65.3270,3.1929
,35.5540,3.5495,65.4577,3.1934
,35.5830,3.5524,65.3252,3.1961
,35.5930,3.5534,65.1943,3.1973
,35.6230,3.5563,65.3211,3.2007
,35.6320,3.5572,65.4584,3.2016
,35.7800,3.5721,65.3333,3.2166
,35.8040,3.5746,65.4655,3.2170
,35.8150,3.5757,65.5971,3.2171
,35.8550,3.5796,65.4672,3.2190
,35.8920,3.5833,65.5984,3.2228
,35.9730,3.5914,65.7258,3.2330
,35.9910,3.5932,65.8530,3.2362
,36.0070,3.5949,65.9786,3.2379
,36.0280,3.5970,65.8492,3.2392
,36.0360,3.5978,65.7135,3.2398
,36.0770,3.6017,65.8421,3.2417
,36.1650,3.6106,65.9708,3.2504
,36.2630,3.6204,66.1080,3.2599
,36.3640,3.6305,66.2333,3.2716
,36.4240,3.6365,66.1082,3.2771
,36.4510,3.6392,66.2367,3.2807
,36.5230,3.6464,66.3628,3.2937
,36.6140,3.6556,66.4889,3.3041
,36.7530,3.6693,66.6142,3.3250
,36.9200,3.6860,66.7435,3.3503
,36.9640,3.6905,66.8696,3.3552
,37.0020,3.6942,66.9952,3.3598
,37.2210,3.7162,67.1208,3.3828
,37.2370,3.7178,67.2460,3.3848
,37.2550,3.7196,67.1174,3.3882
,37.2860,3.7228,67.2518,3.3935
,37.4140,3.7355,67.3790,3.4090
,37.6050,3.7546,67.5049,3.4304
,37.7090,3.7649,67.6309,3.4400
,37.7890,3.7730,67.7577,3.4482
,37.8910,3.7832,67.8829,3.4548
,38.0090,3.7950,68.0084,3.4645
,38.1890,3.8130,68.1349,3.4804
,38.2800,3.8221,68.2620,3.4861
,38.3530,3.8294,68.3879,3.4912
,38.4660,3.8408,68.5159,3.4971
,38.5200,3.8460,68.6498,3.4984
,38.5630,3.8505,68.5212,3.4984
,38.6370,3.8577,68.6521,3.5035
,38.6630,3.8604,68.7816,3.5034
,38.7050,3.8645,68.6539,3.5067
,38.7590,3.8699,68.7809,3.5084
,38.8420,3.8783,68.9090,3.5126
,39.0350,3.8977,69.0360,3.5268
,39.1090,3.9050,69.1637,3.5319
,39.2800,3.9220,69.2905,3.5454
,39.3380,3.9279,69.4168,3.5518
,39.3820,3.9323,69.2903,3.5570
,39.4190,3.9359,69.4156,3.5585
,39.5160,3.9457,69.5452,3.5701
,39.6680,3.9609,69.6787,3.5900
,39.6820,3.9623,69.8060,3.5924
,39.8130,3.9754,69.9344,3.6164
,40.0740,4.0015,70.0642,3.6492
,40.1500,4.0092,70.1906,3.6614
,40.3220,4.0262,70.3175,3.6855
,40.3540,4.0294,70.4438,3.6902
,40.4490,4.0389,70.5690,3.7014
,40.5350,4.0476,70.4401,3.7092
,40.5980,4.0539,70.5702,3.7169
,40.6320,4.0574,70.6959,3.7218
,40.7530,4.0695,70.8210,3.7400
,40.9210,4.0861,70.9513,3.7512
,40.9490,4.0889,71.0766,3.7547
,41.2370,4.1178,71.2037,3.7819
,41.3220,4.1264,71.3290,3.7869
,41.4290,4.1371,71.4542,3.7935
,41.5040,4.1444,71.5792,3.8000
,41.6300,4.1570,71.7071,3.8095
,41.8010,4.1742,71.8333,3.8165
,41.8850,4.1827,71.9635,3.8217
,42.0070,4.1949,72.0917,3.8274
,42.1250,4.2066,72.2167,3.8350
,42.3300,4.2271,72.3440,3.8544
,42.4780,4.2419,72.4699,3.8668
,42.5330,4.2473,72.5956,3.8741
,42.7250,4.2665,72.7242,3.8914
,42.8540,4.2794,72.8493,3.9070
,43.0950,4.3036,72.9787,3.9338
,43.1360,4.3078,73.1081,3.9384
,43.2480,4.3190,73.2335,3.9523
,43.4100,4.3351,73.3598,3.9731
,43.5240,4.3464,73.4881,3.9895
,43.5750,4.3515,73.6142,3.9956
,43.7770,4.3718,73.7405,4.0235
,43.8310,4.3773,73.8721,4.0270
,44.1050,4.4045,74.0015,4.0594
,44.2190,4.4160,74.1284,4.0692
,44.4290,4.4371,74.2584,4.0951
,44.4610,4.4402,74.3842,4.0958
,44.5770,4.4517,74.5102,4.1028
,44.7520,4.4693,74.6367,4.1193
,44.9300,4.4870,74.7629,4.1301
,45.0850,4.5027,74.8899,4.1395
,45.2030,4.5144,75.0177,4.1497
,45.2390,4.5180,75.1471,4.1530
,45.4850,4.5426,75.2724,4.1605
,45.6020,4.5543,75.4022,4.1732
,45.7870,4.5729,75.5286,4.1883
,45.8290,4.5770,75.6544,4.1922
,45.8590,4.5799,75.5219,4.1973
,45.9100,4.5851,75.6508,4.2023
,46.0130,4.5955,75.7778,4.2127
,46.1470,4.6089,75.9083,4.2222
,46.2210,4.6162,76.0367,4.2337
,46.3510,4.6292,76.1635,4.2469
,46.5890,4.6530,76.2888,4.2742
,46.6280,4.6569,76.4158,4.2788
,46.7880,4.6729,76.5408,4.3030
,46.8350,4.6777,76.4145,4.3109
,46.8750,4.6816,76.5462,4.3159
,46.9610,4.6902,76.6751,4.3251
,47.1580,4.7099,76.8011,4.3502
,47.2760,4.7218,76.9297,4.3675
,47.3800,4.7321,77.0568,4.3765
,47.6030,4.7543,77.1900,4.4015
,47.7840,4.7724,77.3173,4.4243
,47.9650,4.7907,77.4498,4.4443
,48.0140,4.7955,77.5771,4.4501
,48.2340,4.8175,77.7035,4.4698
,48.3690,4.8309,77.8301,4.4803
,48.4800,4.8421,77.9582,4.4843
,48.6470,4.8589,78.0884,4.4918
,48.7900,4.8731,78.2138,4.4986
,48.8940,4.8835,78.3391,4.5116
,49.0620,4.9003,78.4652,4.5198
,49.1780,4.9119,78.5940,4.5261
,49.3620,4.9303,78.7211,4.5424
,49.5110,4.9451,78.8465,4.5552
,49.6310,4.9571,78.9724,4.5646
,49.7030,4.9645,78.8454,4.5708
,49.7480,4.9688,78.9725,4.5759
,49.7980,4.9740,79.1041,4.5808
,50.0450,4.9986,79.2390,4.6070
,50.0670,5.0008,79.3661,4.6096
,50.3180,5.0259,79.4958,4.6376
,50.3380,5.0279,79.6217,4.6412
,50.5820,5.0522,79.7525,4.6780
,50.7690,5.0709,79.8796,4.7051
,50.9010,5.0842,80.0058,4.7217
,51.0730,5.1015,80.1352,4.7487
,51.1770,5.1118,80.0090,4.7617
,51.2020,5.1143,80.1359,4.7656
,51.2220,5.1163,80.2613,4.7686
,51.3770,5.1317,80.3892,4.7823
,51.5200,5.1462,80.5183,4.7962
,51.6890,5.1630,80.6443,4.8082
,51.7700,5.1711,80.7703,4.8102
,51.9800,5.1921,80.8972,4.8188
,52.2540,5.2195,81.0223,4.8371
,52.2710,5.2212,81.1500,4.8379
,52.5640,5.2505,81.2806,4.8507
,52.6180,5.2558,81.4081,4.8559
,52.8380,5.2779,81.5350,4.8744
,52.8620,5.2803,81.6602,4.8768
,53.1760,5.3116,81.7884,4.9044
,53.2810,5.3222,81.9166,4.9189
,53.4700,5.3412,82.0458,4.9443
,53.5390,5.3479,82.1726,4.9513
,53.7740,5.3714,82.2996,4.9793
,53.7880,5.3728,82.4297,4.9820
,53.8180,5.3759,82.2997,4.9886
,53.8630,5.3804,82.4260,4.9949
,54.0430,5.3985,82.5523,5.0216
,54.2500,5.4190,82.6804,5.0499
,54.4680,5.4409,82.8111,5.0766
,54.5000,5.4442,82.9382,5.0813
,54.7150,5.4656,83.0667,5.1089
,54.8660,5.4807,83.1941,5.1184
,55.0530,5.4994,83.3228,5.1310
,55.2970,5.5239,83.4510,5.1421
,55.5030,5.5443,83.5822,5.1571
,55.5330,5.5474,83.7074,5.1587
,55.6610,5.5602,83.8367,5.1669
,55.7710,5.5713,83.7098,5.1732
,55.8180,5.5759,83.8360,5.1752
,55.9360,5.5877,83.9666,5.1795
,56.1710,5.6111,84.0947,5.1974
,56.1810,5.6121,84.2307,5.1976
,56.3250,5.6266,84.3559,5.2117
,56.6410,5.6581,84.4842,5.2446
,56.6860,5.6627,84.6124,5.2509
,56.9200,5.6862,84.7386,5.2769
,57.0020,5.6942,84.8648,5.2911
,57.0910,5.7032,84.7282,5.3007
,57.1320,5.7074,84.8539,5.3052
,57.1580,5.7100,84.9808,5.3101
,57.3830,5.7324,85.1068,5.3409
,57.4490,5.7389,84.9790,5.3502
,57.5020,5.7444,85.1080,5.3579
,57.6920,5.7633,85.2350,5.3784
,57.8420,5.7783,85.3605,5.3998
,58.0070,5.7947,85.4923,5.4124
,58.1260,5.8067,85.6189,5.4183
,58.2110,5.8153,85.7445,5.4232
,58.4420,5.8383,85.8731,5.4405
,58.6480,5.8590,85.9988,5.4634
,58.7890,5.8730,86.1247,5.4716
,59.0130,5.8954,86.2501,5.4833
,59.1510,5.9091,86.3779,5.4888
,59.2750,5.9215,86.5053,5.4973
,59.3620,5.9303,86.3758,5.5077
,59.4130,5.9354,86.5055,5.5123
,59.5250,5.9466,86.6309,5.5223
,59.6980,5.9639,86.7620,5.5381
,59.8500,5.9790,86.8886,5.5470
,60.0240,5.9966,87.0170,5.5699
,60.1540,6.0096,87.1467,5.5808
,60.1890,6.0129,87.0205,5.5839
,60.2770,6.0218,87.1471,5.5933
,60.3270,6.0267,87.2739,5.5993
,60.4400,6.0380,87.1473,5.6127
,60.4760,6.0417,87.2774,5.6158
,60.5720,6.0513,87.4027,5.6275
,60.9180,6.0859,87.5317,5.6581
,60.9290,6.0870,87.6650,5.6588
,60.9630,6.0904,87.5360,5.6610
,60.9970,6.0937,87.6658,5.6654
,61.1130,6.1054,87.7946,5.6834
,61.3990,6.1340,87.9236,5.7148
,61.4900,6.1430,88.0501,5.7233
,61.5470,6.1487,87.9192,5.7296
,61.5890,6.1529,88.0451,5.7308
,61.7700,6.1711,88.1769,5.7518
,61.8900,6.1831,88.3038,5.7574
,62.1090,6.2050,88.4346,5.7808
,62.2960,6.2237,88.5659,5.8016
,62.5420,6.2484,88.6962,5.8223
,62.5550,6.2497,88.8307,5.8229
,62.8320,6.2772,88.9567,5.8449
,62.8990,6.2841,89.0832,5.8488
,63.0370,6.2978,88.9542,5.8600
,63.1750,6.3116,89.0801,5.8673
,63.2480,6.3189,89.2064,5.8724
,63.2780,6.3218,89.0747,5.8744
,63.3110,6.3251,89.2086,5.8768
,63.3260,6.3266,89.3351,5.8789
,63.5760,6.3518,89.4646,5.8986
,63.6720,6.3613,89.3378,5.9057
,63.7300,6.3671,89.4629,5.9115
,63.7950,6.3736,89.5907,5.9204
,63.8230,6.3764,89.7175,5.9219
,63.8560,6.3796,89.5925,5.9230
,63.8880,6.3828,89.7212,5.9236
,63.9280,6.3869,89.5924,5.9275
,63.9740,6.3914,89.7176,5.9301
,64.0760,6.4016,89.8453,5.9398
,64.1020,6.4042,89.7190,5.9430
,64.1650,6.4107,89.8466,5.9450
,64.3020,6.4243,89.9727,5.9651
,64.5490,6.4489,90.0983,5.9958
,64.7010,6.4642,90.2249,6.0178
,65.0570,6.4998,90.3522,6.0611
,65.1390,6.5079,90.4801,6.0700
,65.1780,6.5119,90.3535,6.0751
,65.2460,6.5186,90.4802,6.0814
,65.3890,6.5330,90.6084,6.0971
,65.5200,6.5462,90.7345,6.1134
,65.6960,6.5636,90.8611,6.1288
,65.8860,6.5828,90.9908,6.1433
,66.1270,6.6069,91.1186,6.1579
,66.2600,6.6200,91.2453,6.1672
,66.2740,6.6214,91.3735,6.1671
,66.2950,6.6235,91.2466,6.1662
,66.3040,6.6244,91.1200,6.1658
,66.4490,6.6390,91.2499,6.1758
,66.5110,6.6451,91.3818,6.1782
,66.5240,6.6465,91.5082,6.1793
,66.5810,6.6523,91.3831,6.1838
,66.7150,6.6656,91.5113,6.1989
,66.9570,6.6897,91.6367,6.2147
,67.0720,6.7012,91.7643,6.2236
,67.2810,6.7223,91.8917,6.2444
,67.5370,6.7477,92.0174,6.2638
,67.7250,6.7667,92.1436,6.2882
,67.7790,6.7720,92.2764,6.2940
,67.8850,6.7826,92.1504,6.3093
,67.9840,6.7925,92.2771,6.3235
,68.1670,6.8108,92.4120,6.3521
,68.2380,6.8178,92.5414,6.3666
,68.2810,6.8222,92.4155,6.3727
,68.3280,6.8269,92.5445,6.3804
,68.4900,6.8431,92.6701,6.4072
,68.7710,6.8712,92.7987,6.4388
,68.9540,6.8895,92.9260,6.4618
,69.1060,6.9048,93.0512,6.4691
,69.4300,6.9371,93.1836,6.4919
,69.4930,6.9433,93.3095,6.4958
,69.5830,6.9524,93.1828,6.4972
,69.6330,6.9574,93.3168,6.4979
,69.6560,6.9598,93.4419,6.4981
,69.7240,6.9665,93.3146,6.4979
,69.8710,6.9811,93.4417,6.5035
,69.9500,6.9890,93.5683,6.5091
,70.1750,7.0116,93.6936,6.5186
,70.4090,7.0350,93.8188,6.5361
,70.6850,7.0626,93.9469,6.5596
,70.8010,7.0743,94.0747,6.5729
,70.9840,7.0925,94.2023,6.5950
,71.2120,7.1152,94.3308,6.6278
,71.5030,7.1445,94.4568,6.6760
,71.6940,7.1634,94.5830,6.7061
,71.7430,7.1684,94.4577,6.7148
,71.8110,7.1751,94.5880,6.7204
,71.9460,7.1887,94.7179,6.7346
,72.0780,7.2020,94.8470,6.7474
,72.1500,7.2091,94.9727,6.7612
,72.5180,7.2459,95.1006,6.7903
,72.6110,7.2552,94.9730,6.7960
,72.6660,7.2608,95.1004,6.7988
,72.7910,7.2732,95.2264,6.8094
,72.8980,7.2839,95.3521,6.8138
,72.9420,7.2882,95.2270,6.8182
,73.0130,7.2954,95.3533,6.8211
,73.2140,7.3156,95.4864,6.8276
,73.4590,7.3400,95.6117,6.8447
,73.7340,7.3674,95.7375,6.8706
,73.7850,7.3727,95.8663,6.8747
,73.9720,7.3913,95.9929,6.8993
,74.1680,7.4109,96.1188,6.9229
,74.2060,7.4146,95.9932,6.9279
,74.2600,7.4201,96.1214,6.9370
,74.5410,7.4482,96.2468,6.9754
,74.7000,7.4641,96.3773,6.9973
,74.8660,7.4806,96.5097,7.0236
,74.9970,7.4938,96.3815,7.0451
,75.0360,7.4977,96.5110,7.0498
,75.0520,7.4994,96.6360,7.0521
,75.0790,7.5021,96.5081,7.0547
,75.1610,7.5103,96.6387,7.0633
,75.2950,7.5237,96.7650,7.0742
,75.6160,7.5558,96.8903,7.0980
,75.7240,7.5665,97.0188,7.1045
,76.0030,7.5944,97.1445,7.1282
,76.2480,7.6189,97.2720,7.1393
,76.4840,7.6424,97.4001,7.1565
,76.6230,7.6563,97.5329,7.1615
,76.7220,7.6662,97.4073,7.1697
,76.8130,7.6754,97.5327,7.1742
,76.8600,7.6801,97.6594,7.1776
,76.8870,7.6829,97.5316,7.1804
,76.9310,7.6873,97.6588,7.1875
,77.2480,7.7189,97.7879,7.2310
,77.3260,7.7266,97.9136,7.2397
,77.4010,7.7342,97.7872,7.2507
,77.4450,7.7386,97.9151,7.2573
,77.5600,7.7501,98.0423,7.2720
,77.9430,7.7885,98.1692,7.3194
,78.1350,7.8076,98.2973,7.3394
,78.2840,7.8225,98.4227,7.3547
,78.5020,7.8443,98.5508,7.3738
,78.5690,7.8509,98.6788,7.3768
,78.6050,7.8546,98.5534,7.3788
,78.8010,7.8742,98.6811,7.3953
,78.9420,7.8882,98.8113,7.4044
,79.2150,7.9157,98.9394,7.4274
,79.3150,7.9257,99.0688,7.4365
,79.3470,7.9288,98.9379,7.4382
,79.4450,7.9387,99.0645,7.4450
,79.5740,7.9515,99.1914,7.4558
,79.6670,7.9608,99.0650,7.4631
,79.7750,7.9717,99.1907,7.4732
,79.9560,7.9897,99.3159,7.4978
,80.1580,8.0098,99.4440,7.5186
,80.2350,8.0176,99.3155,7.5278
,80.3430,8.0285,99.4422,7.5424
,80.3810,8.0322,99.5681,7.5475
,80.6390,8.0580,99.6936,7.5830
,80.9060,8.0847,99.8195,7.6130
,81.0910,8.1031,99.9484,7.6344
,81.3440,8.1284,100.0792,7.6552
,81.3880,8.1329,100.2047,7.6608
,81.4190,8.1359,100.0765,7.6629
,81.5820,8.1523,100.2060,7.6740
,81.9330,8.1874,100.3316,7.7054
,81.9660,8.1908,100.4580,7.7089
,82.2090,8.2150,100.5844,7.7209
,82.2440,8.2185,100.4586,7.7219
,82.3020,8.2244,100.5874,7.7247
,82.5230,8.2464,100.7150,7.7441
,82.5660,8.2506,100.5894,7.7456
,82.6700,8.2610,100.7185,7.7566
,82.7190,8.2659,100.8448,7.7647
,82.9200,8.2861,100.9708,7.7889
,83.3400,8.3281,101.0973,7.8375
,83.4650,8.3406,101.2263,7.8562
,83.6590,8.3601,101.3517,7.8809
,83.9230,8.3864,101.4799,7.9149
,84.2120,8.4153,101.6061,7.9428
,84.5370,8.4477,101.7351,7.9664
,84.6170,8.4559,101.8625,7.9735
,84.6690,8.4610,101.7373,7.9760
,84.7390,8.4680,101.8640,7.9807
,84.9770,8.4917,101.9921,7.9993
,85.1980,8.5139,102.1190,8.0137
,85.4320,8.5373,102.2451,8.0316
,85.6100,8.5551,102.3748,8.0510
,85.7760,8.5716,102.5037,8.0655
,85.8140,8.5755,102.3782,8.0715
,85.9040,8.5845,102.2508,8.0830
,85.9530,8.5895,102.3760,8.0878
,85.9740,8.5916,102.5013,8.0902
,86.2360,8.6176,102.6298,8.1230
,86.2790,8.6219,102.4957,8.1264
,86.3190,8.6260,102.6220,8.1330
,86.4950,8.6435,102.7523,8.1548
,86.6140,8.6555,102.8782,8.1727
,86.7180,8.6658,102.7531,8.1877
,86.7550,8.6696,102.8798,8.1928
,86.9570,8.6897,103.0074,8.2212
,87.0610,8.7002,103.1328,8.2340
,87.0970,8.7038,103.0063,8.2388
,87.1140,8.7056,102.8802,8.2411
,87.1350,8.7077,103.0059,8.2445
,87.3180,8.7259,103.1334,8.2551
,87.5090,8.7449,103.2598,8.2736
,87.7170,8.7658,103.3857,8.2931
,87.8030,8.7745,103.2586,8.2999
,87.8250,8.7767,103.3874,8.3028
,88.0110,8.7951,103.5150,8.3109
,88.3330,8.8273,103.6430,8.3360
,88.5740,8.8514,103.7682,8.3618
,88.6460,8.8586,103.8938,8.3679
,89.0330,8.8974,104.0221,8.4095
,89.0620,8.9004,103.8889,8.4128
,89.1280,8.9068,104.0149,8.4157
,89.3200,8.9261,104.1404,8.4366
,89.4720,8.9413,104.2695,8.4508
,89.8400,8.9780,104.3961,8.4941
,89.8910,8.9832,104.2703,8.5010
,89.9140,8.9854,104.3984,8.5023
,90.0830,9.0025,104.5259,8.5222
,90.3500,9.0291,104.6514,8.5493
,90.4710,9.0412,104.7779,8.5647
,90.6390,9.0580,104.6503,8.5769
,90.6760,9.0618,104.7785,8.5828
,90.7970,9.0739,104.9044,8.5939
,91.1010,9.1041,105.0298,8.6157
,91.3510,9.1293,105.1570,8.6457
,91.6190,9.1560,105.2850,8.6746
,91.8600,9.1801,105.4120,8.7013
,92.0420,9.1984,105.5424,8.7250
,92.1100,9.2051,105.4134,8.7308
,92.1500,9.2091,105.5414,8.7332
,92.3630,9.2303,105.6680,8.7512
,92.6380,9.2580,105.7955,8.7739
,92.8010,9.2741,105.9242,8.7921
,93.2020,9.3144,106.0522,8.8291
,93.4530,9.3394,106.1786,8.8547
,93.6910,9.3632,106.3045,8.8790
,93.8770,9.3819,106.4320,8.8968
,93.9150,9.3856,106.3056,8.8995
,94.0610,9.4001,106.4343,8.9135
,94.2670,9.4208,106.5598,8.9373
,94.5740,9.4515,106.6884,8.9684
,94.7750,9.4715,106.8144,8.9929
,94.9210,9.4863,106.6853,9.0080
,94.9730,9.4914,106.8131,9.0138
,95.2510,9.5192,106.9406,9.0386
,95.2890,9.5230,107.0671,9.0427
,95.6520,9.5593,107.1947,9.0746
,95.7910,9.5731,107.0678,9.0855
,95.8330,9.5774,107.2014,9.0859
,95.9700,9.5911,107.3347,9.0930
,96.1410,9.6082,107.4661,9.1031
,96.1850,9.6127,107.3394,9.1060
,96.2520,9.6193,107.4647,9.1111
,96.4720,9.6412,107.5946,9.1351
,96.8530,9.6795,107.7224,9.1684
,96.9940,9.6935,107.8488,9.1765
,97.1170,9.7058,107.7194,9.1918
,97.2160,9.7157,107.8494,9.2077
,97.3560,9.7297,107.9745,9.2221
,97.4930,9.7434,108.1003,9.2370
,97.5180,9.7459,107.9732,9.2407
,97.6040,9.7544,108.0982,9.2510
,97.7780,9.7719,108.2339,9.2784
,97.8250,9.7765,108.1068,9.2827
,97.9350,9.7876,108.2320,9.2923
,97.9990,9.7940,108.1009,9.3028
,98.0490,9.7991,108.2262,9.3102
,98.2190,9.8159,108.3525,9.3257
,98.2370,9.8178,108.4799,9.3272
,98.2640,9.8205,108.3494,9.3297
,98.3440,9.8285,108.4783,9.3377
,98.3910,9.8332,108.3500,9.3436
,98.5030,9.8444,108.4796,9.3512
,98.6210,9.8562,108.6085,9.3617
,99.1210,9.9061,108.7399,9.3955
,99.1720,9.9114,108.8692,9.4000
,99.6720,9.9613,108.9411,9.4248
,99.6890,9.9629,109.0671,9.4260
,100.1140,10.0055,109.1934,9.4638
,100.4360,10.0378,109.3192,9.4987
,100.5660,10.0507,109.4456,9.5131
,100.9140,10.0855,109.5710,9.5585
,100.9910,10.0932,109.4407,9.5672
,101.0360,10.0977,109.5708,9.5714
,101.1970,10.1137,109.6999,9.5893
,101.3810,10.1321,109.8296,9.6091
,101.4320,10.1372,109.6993,9.6154
,101.5820,10.1524,109.8262,9.6335
,101.7050,10.1647,109.9534,9.6464
,101.7530,10.1693,109.8239,9.6531
,101.8120,10.1753,109.9546,9.6601
,102.0960,10.2036,110.0797,9.6808
,102.4010,10.2342,110.2068,9.7012
,102.6290,10.2570,110.3342,9.7174
,102.8250,10.2767,110.4655,9.7321
,102.9280,10.2869,110.3394,9.7430
,103.0250,10.2965,110.4664,9.7525
,103.2180,10.3158,110.5919,9.7684
,103.5220,10.3464,110.7237,9.7935
,103.7330,10.3674,110.8487,9.8253
,103.9510,10.3892,110.9745,9.8511
,103.9920,10.3934,110.8443,9.8562
,104.0420,10.3983,110.9701,9.8604
,104.3830,10.4323,111.0959,9.8886
,104.6550,10.4596,111.2303,9.9182
,104.7210,10.4662,111.3555,9.9299
,104.7450,10.4686,111.2266,9.9337
,104.9160,10.4857,111.3525,9.9562
,105.0360,10.4977,111.2268,9.9718
,105.0930,10.5034,111.3552,9.9777
,105.2880,10.5229,111.4855,9.9949
,105.7250,10.5667,111.6145,10.0336
,105.8730,10.5814,111.7431,10.0441
,106.1430,10.6084,111.8701,10.0700
,106.3940,10.6336,111.9984,10.0960
,106.7050,10.6645,112.1252,10.1227
,106.7630,10.6704,111.9965,10.1284
,106.7950,10.6735,112.1264,10.1305
,107.0070,10.6948,112.2554,10.1465
,107.0980,10.7040,112.1263,10.1554
,107.1360,10.7077,112.2548,10.1573
,107.3670,10.7307,112.3817,10.1802
,107.3890,10.7329,112.5079,10.1837
,107.4140,10.7355,112.3790,10.1868
,107.6170,10.7557,112.5097,10.2058
,107.9380,10.7878,112.6388,10.2404
,108.3670,10.8309,112.7684,10.2978
,108.5210,10.8461,112.8945,10.3218
,108.5480,10.8488,112.7632,10.3245
,108.6880,10.8629,112.8923,10.3446
,108.9330,10.8875,113.0203,10.3773
,109.2000,10.9140,113.1464,10.4107
,109.5220,10.9464,113.2732,10.4354
,109.6470,10.9588,113.3987,10.4473
,109.6790,10.9619,113.2694,10.4470
,109.7730,10.9713,113.3945,10.4502
,110.0890,11.0031,113.5197,10.4667
,110.2690,11.0209,113.6447,10.4732
,110.3250,11.0266,113.5192,10.4776
,110.5130,11.0454,113.6454,10.4895
,110.5330,11.0475,113.7713,10.4916
,111.0310,11.0971,113.8964,10.5378
,111.2830,11.1224,114.0232,10.5724
,111.3540,11.1296,114.1500,10.5846
,111.3960,11.1337,114.0229,10.5911
,111.4580,11.1399,114.1528,10.6010
,111.4990,11.1439,114.0234,10.6099
,111.6000,11.1540,114.1549,10.6258
,111.8470,11.1788,114.2829,10.6667
,111.8880,11.1829,114.1561,10.6703
,112.0160,11.1958,114.2889,10.6884
,112.1580,11.2099,114.4168,10.7042
,112.2470,11.2188,114.2878,10.7141
,112.3540,11.2295,114.4144,10.7269
,112.6910,11.2632,114.5428,10.7539
,112.9230,11.2864,114.6684,10.7657
,113.1630,11.3105,114.7956,10.7735
,113.5570,11.3498,114.9221,10.7892
,113.8810,11.3822,115.0473,10.8070
,114.0030,11.3944,115.1733,10.8201
,114.1010,11.4043,115.0476,10.8292
,114.1730,11.4114,115.1761,10.8356
,114.3560,11.4297,115.3015,10.8597
,114.4010,11.4342,115.1723,10.8668
,114.4800,11.4420,115.2974,10.8754
,114.7910,11.4733,115.4255,10.9269
,114.9410,11.4882,115.5536,10.9535
,115.2680,11.5209,115.6799,11.0045
,115.7480,11.5688,115.8098,11.0469
,116.0090,11.5950,115.9356,11.0662
,116.3970,11.6338,116.0643,11.0847
,116.6880,11.6629,116.1904,11.0945
,116.8870,11.6827,116.3164,11.0988
,116.9790,11.6920,116.1867,11.1041
,117.0770,11.7018,116.3174,11.1105
,117.1380,11.7078,116.4456,11.1149
,117.4710,11.7411,116.5739,11.1522
,117.5080,11.7448,116.4432,11.1581
,117.5330,11.7474,116.5682,11.1618
,117.9820,11.7924,116.6936,11.2203
,118.1360,11.8077,116.8222,11.2372
,118.5970,11.8538,116.9519,11.2957
,118.8460,11.8786,117.0791,11.3215
,119.1680,11.9110,117.2053,11.3492
,119.2430,11.9185,117.0788,11.3568
,119.3060,11.9246,117.2052,11.3607
,119.6540,11.9595,117.3307,11.3780
,119.8760,11.9816,117.4561,11.3942
,120.3150,12.0257,117.5836,11.4277
,120.4870,12.0427,117.7107,11.4440
,120.8520,12.0793,117.8375,11.4881
,121.0620,12.1002,117.9664,11.5145
,121.5570,12.1499,118.0936,11.5674
,121.9980,12.1939,118.2197,11.6128
,122.1380,12.2080,118.3477,11.6252
,122.4450,12.2385,118.4746,11.6453
,122.8210,12.2763,118.6025,11.6759
,123.1390,12.3080,118.7300,11.7123
,123.1880,12.3129,118.6045,11.7155
,123.3340,12.3274,118.7349,11.7326
,123.7180,12.3659,118.8675,11.7783
,123.8980,12.3839,118.9949,11.7956
,123.9300,12.3871,118.8683,11.8005
,124.0000,12.3941,118.9963,11.8083
,124.0710,12.4012,119.1222,11.8151
,124.1110,12.4051,118.9967,11.8198
,124.2040,12.4145,119.1245,11.8287
,124.4290,12.4371,118.9968,11.8487
,124.4960,12.4436,119.1295,11.8561
,124.5140,12.4455,119.2583,11.8589
,124.5810,12.4522,119.1316,11.8659
,124.6950,12.4635,119.2567,11.8781
,124.8100,12.4750,119.1289,11.8830
,124.8350,12.4775,119.2553,11.8856
,124.9050,12.4846,119.3808,11.8925
,125.2120,12.5154,119.5073,11.9181
,125.2360,12.5178,119.3739,11.9205
,125.3330,12.5274,119.5001,11.9310
,125.3700,12.5311,119.3705,11.9344
,125.4040,12.5344,119.4967,11.9374
,125.6110,12.5552,119.6225,11.9504
,125.8400,12.5781,119.7578,11.9717
,125.9520,12.5893,119.6301,11.9855
,126.0460,12.5987,119.7610,11.9962
,126.2160,12.6157,119.8901,12.0171
,126.4270,12.6368,119.7607,12.0495
,126.5100,12.6451,119.8922,12.0623
,126.5360,12.6476,120.0174,12.0659
,126.5590,12.6499,119.8868,12.0689
,126.7390,12.6680,120.0179,12.0951
,126.8820,12.6822,120.1467,12.1099
,126.9710,12.6913,120.0210,12.1207
,127.0020,12.6943,120.1486,12.1241
,127.1360,12.7076,120.0219,12.1392
,127.1630,12.7104,120.1495,12.1414
,127.4130,12.7355,120.2759,12.1708
,127.8560,12.7797,120.4015,12.1976
,127.9770,12.7918,120.5271,12.2026
,128.1800,12.8121,120.3997,12.2130
,128.2060,12.8148,120.5301,12.2141
,128.5500,12.8491,120.6563,12.2393
,128.8170,12.8758,120.7884,12.2704
,128.9410,12.8881,120.9135,12.2799
,128.9720,12.8912,120.7859,12.2846
,129.1260,12.9067,120.9182,12.3017
,129.4080,12.9349,121.0495,12.3395
,129.7620,12.9702,121.1746,12.3886
,129.8260,12.9768,121.0464,12.3979
,129.9360,12.9878,121.1786,12.4160
,130.1250,13.0065,121.3081,12.4328
,130.1550,13.0096,121.1814,12.4356
,130.3780,13.0319,121.3102,12.4579
,130.5270,13.0469,121.4353,12.4739
,130.8770,13.0818,121.5622,12.5050
,130.9440,13.0884,121.4337,12.5104
,131.0330,13.0974,121.5629,12.5162
,131.2550,13.1196,121.6900,12.5290
,131.5720,13.1512,121.8172,12.5446
,132.0720,13.2012,121.8956,12.5885
,132.1500,13.2090,122.0268,12.5935
,132.1800,13.2120,121.9014,12.5977
,132.2190,13.2161,122.0282,12.6039
,132.4270,13.2368,122.1546,12.6291
,132.4740,13.2416,122.0296,12.6369
,132.6610,13.2601,122.1562,12.6577
,133.0210,13.2963,122.2832,12.7051
,133.2770,13.3218,122.4170,12.7320
,133.3680,13.3309,122.2902,12.7441
,133.4190,13.3360,122.4154,12.7515
,133.5220,13.3463,122.5439,12.7602
,133.5610,13.3501,122.4137,12.7655
,133.6260,13.3568,122.5403,12.7744
,133.7010,13.3642,122.4128,12.7861
,133.7720,13.3712,122.5400,12.7946
,133.7920,13.3732,122.6674,12.7961
,133.8340,13.3775,122.5416,12.8003
,134.0080,13.3948,122.6670,12.8108
,134.1690,13.4111,122.5419,12.8211
,134.2200,13.4161,122.6671,12.8251
,134.3160,13.4257,122.7931,12.8294
,134.4210,13.4362,122.6678,12.8409
,134.4890,13.4429,122.7934,12.8461
,134.6180,13.4559,122.9208,12.8551
,135.1180,13.5059,122.9386,12.9012
,135.1720,13.5112,123.0655,12.9076
,135.4090,13.5350,123.1920,12.9254
,135.4490,13.5391,123.0669,12.9290
,135.5440,13.5485,123.1972,12.9345
,135.6050,13.5546,123.0668,12.9421
,135.6690,13.5610,123.1935,12.9464
,135.8650,13.5806,123.3242,12.9632
,135.9470,13.5888,123.1975,12.9743
,135.9800,13.5920,123.3257,12.9775
,136.3740,13.6315,123.4560,13.0209
,136.6300,13.6571,123.5838,13.0486
,136.7450,13.6685,123.4533,13.0619
,136.7970,13.6738,123.5812,13.0646
,136.9940,13.6934,123.7066,13.0823
,137.2480,13.7189,123.8320,13.1055
,137.7480,13.7690,123.9521,13.1499
,138.0600,13.8000,124.0792,13.1797
,138.0910,13.8032,123.9530,13.1826
,138.1290,13.8069,124.0785,13.1881
,138.3180,13.8260,124.2097,13.2029
,138.5970,13.8537,124.0845,13.2315
,138.6280,13.8568,124.2157,13.2346
,138.7320,13.8672,124.0893,13.2434
,138.7690,13.8710,124.2152,13.2499
,138.9440,13.8884,124.3409,13.2626
,139.2760,13.9216,124.4686,13.2913
,139.4140,13.9354,124.5959,13.3030
,139.5230,13.9464,124.4704,13.3111
,139.6710,13.9612,124.5996,13.3259
,139.9410,13.9882,124.7254,13.3483
,139.9570,13.9897,124.8506,13.3497
,139.9740,13.9914,124.7181,13.3523
,139.9820,13.9922,124.5796,13.3537
,140.0230,13.9964,124.7077,13.3594
,140.4990,14.0440,124.8335,13.4016
,140.5160,14.0457,124.9653,13.4032
,140.5760,14.0516,124.8387,13.4072
,140.7710,14.0712,124.9643,13.4399
,141.1200,14.1060,125.0902,13.4726
,141.4520,14.1393,125.2156,13.5109
,141.7400,14.1681,125.3432,13.5477
,142.0360,14.1977,125.4731,13.5758
,142.3470,14.2288,125.3444,13.5958
,142.3670,14.2307,125.4750,13.5979
,142.4220,14.2362,125.6058,13.6007
,142.5280,14.2469,125.4788,13.6032
,142.6060,14.2547,125.6063,13.6073
,143.1060,14.3047,125.6766,13.6458
,143.1890,14.3130,125.8024,13.6534
,143.3650,14.3307,125.9288,13.6641
,143.4110,14.3351,125.8008,13.6697
,143.4550,14.3396,125.9276,13.6758
,143.7720,14.3712,126.0539,13.7121
,143.8270,14.3769,125.9278,13.7179
,143.9000,14.3841,126.0581,13.7240
,144.2850,14.4227,126.1835,13.7694
,144.5940,14.4534,126.3089,13.8108
,144.7540,14.4695,126.4342,13.8289
,144.8840,14.4825,126.3087,13.8463
,144.9880,14.4930,126.4359,13.8603
,145.1440,14.5084,126.3050,13.8760
,145.1880,14.5129,126.4302,13.8815
,145.3250,14.5266,126.5557,13.8950
,145.6260,14.5567,126.6841,13.9197
,145.6660,14.5608,126.5565,13.9222
,145.7510,14.5692,126.6850,13.9272
,146.2280,14.6170,126.8113,13.9647
,146.3960,14.6336,126.9377,13.9745
,146.4320,14.6372,126.8101,13.9789
,146.5330,14.6473,126.9361,13.9862
,146.7290,14.6670,127.0632,14.0083
,146.7660,14.6707,126.9364,14.0099
,147.0770,14.7018,127.0646,14.0394
,147.2770,14.7219,127.1962,14.0625
,147.6670,14.7607,127.3221,14.1058
,147.7430,14.7684,127.1967,14.1180
,147.7930,14.7733,127.3238,14.1257
,148.2140,14.8155,127.4519,14.1835
,148.4760,14.8416,127.5805,14.2093
,148.5920,14.8532,127.4538,14.2213
,148.6680,14.8610,127.5792,14.2293
,149.0260,14.8966,127.7093,14.2618
,149.2780,14.9219,127.8372,14.2831
,149.6500,14.9590,127.9647,14.3159
,149.7990,14.9741,128.0923,14.3272
,150.1030,15.0043,128.2173,14.3530
,150.1380,15.0079,128.0856,14.3547
,150.2930,15.0234,128.2124,14.3705
,150.4520,15.0393,128.0874,14.3845
,150.4780,15.0420,128.2142,14.3854
,150.6250,15.0566,128.3431,14.3965
,150.6900,15.0631,128.2109,14.4010
,150.7860,15.0726,128.3375,14.4108
,151.2860,15.1227,128.3779,14.4760
,151.3130,15.1254,128.5041,14.4786
,151.5860,15.1527,128.3759,14.5136
,151.6660,15.1607,128.5018,14.5247
,151.6830,15.1624,128.6306,14.5261
,151.9300,15.1870,128.7566,14.5499
,151.9780,15.1919,128.6316,14.5564
,152.1120,15.2053,128.7567,14.5715
,152.2760,15.2217,128.6305,14.5931
,152.3930,15.2333,128.7580,14.6048
,152.4340,15.2375,128.8902,14.6085
,152.5750,15.2516,128.7607,14.6258
,152.6120,15.2552,128.8866,14.6315
,152.9430,15.2884,129.0164,14.6576
,153.1460,15.3087,129.1442,14.6626
,153.1670,15.3107,129.0137,14.6643
,153.3210,15.3262,129.1409,14.6772
,153.4260,15.3366,129.0140,14.6835
,153.5020,15.3443,129.1411,14.6844
,153.7160,15.3657,129.2672,14.7046
,153.7950,15.3736,129.1414,14.7058
,153.8250,15.3766,129.2689,14.7083
,154.1320,15.4074,129.3941,14.7348
,154.3760,15.4317,129.5215,14.7580
,154.5250,15.4466,129.3954,14.7770
,154.5640,15.4505,129.5216,14.7821
,154.9060,15.4846,129.6480,14.8346
,154.9630,15.4904,129.5199,14.8420
,155.0220,15.4962,129.6456,14.8474
,155.4620,15.5402,129.7707,14.9077
,155.6320,15.5573,129.8969,14.9258
,155.6750,15.5616,129.7698,14.9337
,155.7620,15.5704,129.8951,14.9385
,155.9150,15.5856,130.0219,14.9527
,155.9470,15.5888,129.8968,14.9562
,155.9960,15.5938,130.0254,14.9620
,156.0490,15.5989,129.8990,14.9654
,156.1040,15.6045,130.0245,14.9663
,156.5350,15.6476,130.1506,14.9976
,156.6020,15.6543,130.0220,15.0015
,156.6360,15.6576,130.1512,15.0026
,156.9280,15.6870,130.2764,15.0230
,157.2300,15.7171,130.4066,15.0439
,157.7300,15.7672,130.4639,15.0946
,157.9420,15.7883,130.5929,15.1233
,158.0520,15.7993,130.4653,15.1400
,158.1000,15.8040,130.5921,15.1455
,158.2520,15.8193,130.7173,15.1683
,158.3300,15.8271,130.5891,15.1854
,158.3780,15.8319,130.7180,15.1933
,158.4190,15.8360,130.8441,15.1993
,158.4660,15.8406,130.7123,15.2088
,158.5720,15.8512,130.8408,15.2178
,158.7010,15.8641,130.7150,15.2396
,158.7910,15.8732,130.8406,15.2523
,159.2280,15.9169,130.9704,15.2911
,159.5180,15.9459,131.1021,15.3069
,159.7990,15.9740,131.2330,15.3292
,159.8410,15.9781,131.1036,15.3312
,159.9320,15.9873,131.2300,15.3363
,159.9680,15.9909,131.1044,15.3391
,160.0620,16.0003,131.2312,15.3380
,160.3630,16.0304,131.3584,15.3631
,160.6720,16.0613,131.2334,15.3928
,160.7010,16.0643,131.3593,15.3982
,160.7330,16.0674,131.4847,15.4025
,160.8600,16.0800,131.3571,15.4108
,160.9230,16.0864,131.4850,15.4218
,161.0480,16.0990,131.6121,15.4323
,161.0900,16.1030,131.4863,15.4349
,161.2690,16.1211,131.6122,15.4595
,161.4030,16.1345,131.4839,15.4754
,161.4910,16.1432,131.6091,15.4924
,161.6040,16.1545,131.7341,15.5074
,161.7380,16.1680,131.6057,15.5280
,161.7910,16.1732,131.7314,15.5358
,162.0670,16.2008,131.8569,15.5649
,162.1050,16.2046,131.7307,15.5687
,162.1420,16.2082,131.8571,15.5717
,162.5030,16.2444,131.9828,15.6110
,162.7640,16.2705,132.1108,15.6266
,163.2640,16.3204,132.1561,15.6605
,163.4460,16.3387,132.2853,15.6812
,163.9460,16.3887,132.4031,15.7275
,164.1700,16.4111,132.5316,15.7526
,164.2050,16.4146,132.4055,15.7568
,164.2330,16.4174,132.5329,15.7602
,164.6030,16.4544,132.6654,15.8017
,164.6750,16.4615,132.5396,15.8081
,164.8420,16.4784,132.6647,15.8277
,164.9040,16.4845,132.5395,15.8342
,164.9280,16.4869,132.6696,15.8360
,164.9680,16.4910,132.5426,15.8401
,164.9970,16.4938,132.6695,15.8448
,165.2360,16.5176,132.7981,15.8696
,165.6130,16.5554,132.9275,15.9061
,165.7990,16.5739,133.0547,15.9238
,165.8430,16.5784,132.9272,15.9285
,165.9900,16.5932,133.0542,15.9466
,166.4900,16.6430,133.1337,16.0047
,166.7550,16.6696,133.2592,16.0384
,166.8030,16.6745,133.1335,16.0412
,166.8850,16.6826,133.2595,16.0492
,167.0120,16.6953,133.3871,16.0626
,167.5120,16.7452,133.4731,16.1129
,167.7520,16.7692,133.5993,16.1355
,168.1550,16.8096,133.7244,16.1660
,168.1820,16.8123,133.5935,16.1656
,168.2630,16.8204,133.7192,16.1766
,168.7090,16.8649,133.8490,16.2257
,169.1260,16.9067,133.9769,16.2615
,169.4070,16.9348,134.1050,16.2953
,169.4990,16.9439,133.9786,16.3053
,169.5570,16.9498,134.1065,16.3150
,169.7950,16.9737,134.2352,16.3408
,169.8840,16.9825,134.1094,16.3543
,169.9890,16.9930,134.2371,16.3711
,170.3990,17.0340,134.3635,16.4167
,170.4950,17.0435,134.2370,16.4286
,170.5300,17.0470,134.3631,16.4319
,170.5800,17.0521,134.2376,16.4356
,170.6350,17.0575,134.3695,16.4388
,170.8290,17.0770,134.4998,16.4573
,171.3290,17.1269,134.5670,16.4882
,171.7020,17.1643,134.6978,16.5144
,171.7470,17.1688,134.5720,16.5193
,171.7850,17.1725,134.6999,16.5211
,171.9510,17.1893,134.8257,16.5346
,172.0120,17.1953,134.7000,16.5412
,172.1750,17.2117,134.8295,16.5590
,172.5580,17.2498,134.9580,16.5942
,172.9990,17.2940,135.0845,16.6477
,173.0610,17.3001,134.9593,16.6595
,173.1580,17.3098,135.0845,16.6759
,173.4140,17.3356,135.2104,16.7092
,173.8240,17.3765,135.3388,16.7504
,173.8880,17.3830,135.4659,16.7576
,173.9460,17.3887,135.3408,16.7583
,174.1710,17.4111,135.4673,16.7668
,174.5690,17.4510,135.3391,16.7934
,174.5880,17.4530,135.4728,16.7955
,174.8150,17.4756,135.6005,16.8147
,175.1390,17.5080,135.7286,16.8320
,175.3140,17.5254,135.6026,16.8472
,175.3810,17.5322,135.7309,16.8562
,175.6390,17.5581,135.8560,16.8892
,176.0450,17.5985,135.9848,16.9351
,176.1710,17.6111,135.8556,16.9499
,176.2690,17.6210,135.9840,16.9621
,176.7690,17.6710,136.0749,17.0191
,176.8930,17.6835,136.2020,17.0331
,176.9430,17.6884,136.0756,17.0381
,176.9840,17.6925,136.2007,17.0439
,177.2490,17.7190,136.3280,17.0589
,177.2680,17.7208,136.4530,17.0593
,177.3440,17.7285,136.3270,17.0671
,177.6950,17.7637,136.4565,17.0963
,178.1950,17.8136,136.4457,17.1246
,178.2920,17.8233,136.5730,17.1376
,178.6740,17.8615,136.6989,17.1645
,178.9860,17.8927,136.8295,17.2007
,179.0640,17.9005,136.7034,17.2091
,179.1250,17.9065,136.8309,17.2134
,179.6250,17.9566,136.8768,17.2631
,179.7180,17.9658,137.0022,17.2717
,180.1670,18.0107,137.1321,17.3225
,180.4960,18.0437,137.2578,17.3461
,180.9960,18.0937,137.3156,17.3926
,181.0700,18.1011,137.4448,17.3995
,181.1260,18.1068,137.3194,17.4034
,181.1720,18.1113,137.4469,17.4058
,181.2070,18.1148,137.3206,17.4102
,181.3070,18.1248,137.4467,17.4214
,181.4690,18.1410,137.5735,17.4343
,181.5160,18.1456,137.4446,17.4411
,181.6030,18.1544,137.5698,17.4473
,181.6480,18.1588,137.4445,17.4529
,181.7800,18.1721,137.5713,17.4667
,182.2290,18.2169,137.6989,17.5076
,182.5310,18.2472,137.8267,17.5370
,182.5790,18.2519,137.6974,17.5411
,182.6590,18.2599,137.8272,17.5469
,182.8930,18.2834,137.7016,17.5650
,182.9210,18.2862,137.8290,17.5674
,183.0020,18.2943,137.9578,17.5764
,183.0620,18.3004,137.8310,17.5819
,183.4030,18.3343,137.9606,17.6179
,183.6140,18.3555,138.0878,17.6370
,184.0770,18.4018,138.2128,17.6795
,184.2830,18.4224,138.3387,17.7137
,184.3130,18.4254,138.2122,17.7177
,184.6680,18.4609,138.3379,17.7595
,185.1010,18.5041,138.4630,17.8024
,185.5200,18.5461,138.5904,17.8490
,185.8640,18.5805,138.7185,17.8758
,186.0940,18.6036,138.5912,17.8873
,186.2200,18.6161,138.7237,17.8966
,186.4990,18.6440,138.8500,17.9202
,186.5990,18.6539,138.7235,17.9279
,186.6730,18.6615,138.8548,17.9347
,187.0500,18.6990,138.9840,17.9697
,187.2640,18.7205,139.1096,18.0003
,187.3600,18.7301,138.9826,18.0106
,187.4220,18.7363,139.1111,18.0177
,187.9120,18.7854,139.2384,18.0666
,188.3600,18.8302,139.3707,18.1212
,188.8190,18.8760,139.4963,18.1691
,189.3190,18.9259,139.5916,18.2055
,189.8190,18.9759,139.6724,18.2410
,190.0380,18.9978,139.8040,18.2556
,190.5380,19.0479,139.8572,18.3021
,190.8580,19.0799,139.9850,18.3438
,191.2440,19.1186,140.1105,18.3935
,191.3220,19.1263,139.9845,18.4009
,191.3800,19.1321,140.1096,18.4085
,191.7700,19.1710,140.2375,18.4459
,192.1040,19.2045,140.3640,18.4815
,192.2400,19.2180,140.2379,18.4940
,192.3900,19.2331,140.3633,18.5022
,192.6710,19.2612,140.4912,18.5152
,193.1710,19.3112,140.4843,18.5593
,193.2270,19.3168,140.6096,18.5656
,193.6330,19.3574,140.7361,18.5967
,194.0020,19.3943,140.8662,18.6293
,194.5020,19.4443,140.9854,18.6904
,194.5300,19.4471,140.8551,18.6909
,194.5840,19.4525,140.9808,18.6974
,194.6690,19.4610,140.8556,18.7090
,194.7130,19.4653,140.9814,18.7145
,195.2130,19.5153,141.0995,18.7764
,195.4440,19.5384,141.2260,18.8020
,195.6950,19.5637,141.3528,18.8272
,195.7440,19.5685,141.2246,18.8313
,195.8820,19.5822,141.3526,18.8438
,196.3820,19.6323,141.4456,18.8860
,196.8710,19.6813,141.5733,18.9193
,197.3150,19.7257,141.6987,18.9591
,197.4500,19.7392,141.5708,18.9730
,197.5030,19.7444,141.6962,18.9795
,197.6960,19.7637,141.8214,18.9973
,197.9310,19.7872,141.9496,19.0193
,197.9760,19.7917,141.8206,19.0245
,198.0170,19.7959,141.9472,19.0284
,198.0520,19.7993,141.8214,19.0314
,198.2600,19.8201,141.9468,19.0550
,198.5730,19.8515,142.0816,19.0939
,198.6600,19.8601,141.9546,19.1048
,198.7150,19.8657,142.0839,19.1113
,198.7560,19.8697,141.9529,19.1165
,198.8080,19.8749,142.0782,19.1227
,198.8740,19.8814,141.9521,19.1268
,199.0090,19.8949,142.0775,19.1391
,199.2800,19.9222,142.2046,19.1638
,199.7640,19.9705,142.3367,19.1994
,200.0490,19.9989,142.4639,19.2164
,200.1470,20.0087,142.3344,19.2253
,200.3490,20.0290,142.4602,19.2381
,200.4700,20.0411,142.5864,19.2566
,200.5710,20.0512,142.4604,19.2680
,200.6070,20.0547,142.5866,19.2709
,201.0460,20.0987,142.7136,19.3131
,201.0850,20.1026,142.5880,19.3165
,201.2660,20.1206,142.7158,19.3404
,201.7320,20.1673,142.8418,19.3936
,201.8150,20.1756,142.7152,19.4009
,201.9110,20.1852,142.8426,19.4107
,202.0910,20.2031,142.9676,19.4404
,202.4140,20.2354,142.8405,19.4686
,202.5240,20.2465,142.9655,19.4771
,202.7020,20.2643,143.0920,19.4880
,203.2020,20.3143,143.1150,19.5257
,203.4900,20.3431,143.2414,19.5567
,203.8940,20.3834,143.3712,19.5847
,204.3060,20.4247,143.5002,19.6247
,204.7500,20.4691,143.6299,19.6828
,205.2500,20.5192,143.6088,19.7311
,205.2690,20.5211,143.7360,19.7325
,205.3160,20.5257,143.6084,19.7360
,205.4550,20.5396,143.7393,19.7508
,205.7250,20.5666,143.8645,19.7816
,205.9040,20.5845,143.7393,19.7959
,205.9400,20.5882,143.8700,19.8001
,206.0540,20.5995,143.7388,19.8129
,206.0890,20.6029,143.8696,19.8166
,206.2510,20.6192,143.9957,19.8318
,206.3380,20.6279,143.8699,19.8410
,206.3720,20.6313,143.9989,19.8436
,206.7360,20.6678,144.1282,19.8771
,207.2360,20.7176,144.2410,19.9224
,207.2670,20.7207,144.1153,19.9264
,207.3890,20.7330,144.2445,19.9393
,207.4830,20.7423,144.3725,19.9459
,207.6400,20.7582,144.2469,19.9637
,207.7260,20.7667,144.3771,19.9743
,207.8480,20.7788,144.2475,19.9866
,207.8980,20.7839,144.3752,19.9935
,208.3430,20.8285,144.5009,20.0333
,208.6040,20.8544,144.3755,20.0589
,208.6380,20.8578,144.5017,20.0607
,208.7510,20.8691,144.6288,20.0682
,208.8350,20.8776,144.5022,20.0798
,208.9350,20.8877,144.6275,20.0935
,209.2070,20.9147,144.7537,20.1287
,209.2710,20.9212,144.6282,20.1304
,209.3830,20.9325,144.7548,20.1396
,209.6680,20.9608,144.8801,20.1721
,209.6890,20.9629,145.0073,20.1752
,209.7240,20.9666,144.8822,20.1782
,210.0500,20.9992,144.7548,20.2212
,210.1300,21.0071,144.8910,20.2296
,210.2250,21.0166,145.0173,20.2440
,210.7250,21.0666,145.1118,20.2988
,211.2250,21.1167,145.1862,20.3371
,211.7250,21.1665,145.2855,20.3911
,211.7670,21.1708,145.4151,20.3958
,211.8030,21.1744,145.2885,20.3979
,211.8390,21.1779,145.4165,20.4009
,211.9230,21.1865,145.2849,20.4041
,211.9490,21.1890,145.4109,20.4062
,211.9570,21.1898,145.5385,20.4071
,211.9850,21.1926,145.4075,20.4111
,211.9960,21.1938,145.2800,20.4124
,212.0230,21.1965,145.4082,20.4148
,212.0930,21.2033,145.5360,20.4169
,212.1190,21.2060,145.4089,20.4190
,212.2470,21.2188,145.2825,20.4318
,212.3350,21.2276,145.4129,20.4409
,212.4040,21.2345,145.5391,20.4464
,212.8960,21.2836,145.6721,20.5187
,212.9300,21.2872,145.5438,20.5225
,213.0270,21.2969,145.6689,20.5286
,213.4770,21.3417,145.7941,20.6002
,213.6820,21.3622,145.6655,20.6219
,213.7170,21.3658,145.7919,20.6231
,214.0810,21.4023,145.9172,20.6544
,214.1010,21.4042,146.0434,20.6561
,214.1400,21.4080,145.9183,20.6585
,214.3590,21.4300,146.0460,20.6730
,214.5240,21.4465,145.9173,20.6905
,214.6020,21.4542,146.0432,20.6953
,214.7040,21.4644,145.9165,20.7007
,214.7450,21.4686,146.0429,20.7062
,215.2450,21.5186,146.1057,20.7473
,215.4140,21.5355,146.2308,20.7647
,215.7940,21.5735,146.3565,20.8181
,215.8830,21.5823,146.2307,20.8287
,215.9130,21.5854,146.3634,20.8304
,216.4130,21.6353,146.2598,20.8938
,216.4270,21.6367,146.3938,20.8948
,216.6170,21.6559,146.5231,20.9221
,217.0440,21.6985,146.6492,20.9557
,217.3420,21.7283,146.5208,20.9812
,217.3700,21.7311,146.6481,20.9834
,217.5040,21.7445,146.7757,20.9914
,218.0040,21.7946,146.8916,21.0324
,218.0410,21.7982,146.7644,21.0336
,218.1390,21.8079,146.8942,21.0419
,218.2310,21.8172,146.7688,21.0510
,218.2660,21.8206,146.8971,21.0543
,218.5660,21.8508,147.0222,21.0785
,218.7410,21.8681,146.8954,21.0974
,218.8420,21.8782,147.0208,21.1123
,218.8710,21.8811,147.1520,21.1161
,218.9910,21.8932,147.0205,21.1237
,219.0540,21.8995,146.8945,21.1324
,219.0800,21.9021,147.0226,21.1359
,219.1430,21.9085,147.1503,21.1452
,219.1920,21.9133,147.0226,21.1502
,219.2500,21.9192,147.1491,21.1582
,219.7000,21.9642,147.2777,21.2079
,219.8710,21.9812,147.1522,21.2286
,219.8990,21.9840,147.2847,21.2309
,220.0360,21.9977,147.4106,21.2473
,220.0680,22.0009,147.2837,21.2508
,220.2920,22.0234,147.4113,21.2702
,220.5870,22.0527,147.5376,21.2988
,220.6110,22.0552,147.4111,21.3015
,220.9540,22.0896,147.5388,21.3361
,221.4370,22.1379,147.6648,21.3768
,221.8410,22.1781,147.5394,21.4158
,221.8950,22.1836,147.6684,21.4217
,221.9630,22.1903,147.7958,21.4272
,222.3650,22.2306,147.9256,21.4720
,222.7830,22.2724,148.0521,21.5096
,222.8300,22.2772,147.9267,21.5127
,223.1620,22.3103,148.0534,21.5377
,223.1780,22.3119,148.1785,21.5391
,223.2110,22.3152,148.0480,21.5437
,223.4220,22.3363,148.1733,21.5684
,223.5020,22.3444,148.0465,21.5754
,223.5890,22.3530,148.1717,21.5820
,224.0890,22.4031,148.2018,21.6379
,224.1080,22.4049,148.3282,21.6393
,224.1630,22.4104,148.2004,21.6455
,224.2100,22.4151,148.3274,21.6527
,224.7030,22.4643,148.4563,21.7039
,224.8480,22.4789,148.3305,21.7161
,224.8880,22.4829,148.4560,21.7212
,224.9180,22.4858,148.3264,21.7249
,225.0560,22.4997,148.4564,21.7400
,225.1050,22.5047,148.5851,21.7438
,225.2410,22.5183,148.4570,21.7598
,225.4220,22.5363,148.5830,21.7789
,225.7460,22.5687,148.7092,21.7989
,225.9240,22.5865,148.5804,21.8098
,226.0140,22.5955,148.7129,21.8136
,226.1160,22.6057,148.5865,21.8185
,226.1560,22.6097,148.7125,21.8209
,226.4640,22.6406,148.8402,21.8405
,226.5250,22.6465,148.7135,21.8451
,226.6740,22.6614,148.8410,21.8570
,226.8450,22.6786,148.9707,21.8712
,226.9240,22.6865,148.8449,21.8774
,227.0680,22.7010,148.9707,21.8904
,227.1190,22.7059,148.8439,21.8942
,227.1770,22.7118,148.9689,21.9032
,227.3730,22.7313,149.0959,21.9283
,227.5620,22.7503,148.9698,21.9477
,227.8870,22.7827,149.0990,21.9886
,227.9450,22.7886,148.9736,21.9983
,228.0040,22.7944,149.1032,22.0063
,228.0240,22.7964,149.2317,22.0091
,228.0640,22.8005,149.1055,22.0151
,228.2660,22.8207,149.2336,22.0389
,228.3870,22.8327,149.1068,22.0474
,228.4250,22.8366,149.2323,22.0480
,228.5030,22.8443,149.1065,22.0583
,228.5340,22.8475,149.2371,22.0612
,228.7180,22.8659,149.3638,22.0703
,228.8870,22.8829,149.2375,22.0906
,228.9100,22.8852,149.3652,22.0939
,229.0400,22.8981,149.4954,22.1061
,229.0800,22.9020,149.3675,22.1069
,229.3470,22.9289,149.4944,22.1229
,229.5250,22.9466,149.6212,22.1328
,229.5750,22.9516,149.4945,22.1332
,229.9230,22.9865,149.6199,22.1541
,230.0020,22.9943,149.4940,22.1616
,230.1180,23.0059,149.6233,22.1773
,230.5380,23.0479,149.7495,22.2267
,230.9090,23.0849,149.8756,22.2818
,231.0700,23.1012,149.7483,22.3032
,231.1280,23.1069,149.8755,22.3113
,231.5520,23.1493,150.0010,22.3655
,231.6470,23.1589,149.8757,22.3826
,231.6700,23.1611,150.0014,22.3853
,231.7120,23.1653,149.8708,22.3892
,231.7470,23.1689,149.9962,22.3913
,231.8960,23.1838,149.8712,22.3996
,231.9340,23.1875,149.9984,22.4035
,232.2590,23.2200,150.1251,22.4354
,232.7590,23.2699,150.2162,22.4645
,232.9970,23.2938,150.3449,22.4769
,233.0340,23.2976,150.2179,22.4783
,233.1500,23.3092,150.3434,22.4828
,233.2120,23.3152,150.2146,22.4859
,233.2530,23.3194,150.3476,22.4889
,233.7530,23.3693,150.4475,22.5359
,234.2530,23.4194,150.4225,22.6033
,234.2710,23.4213,150.5504,22.6066
,234.5300,23.4471,150.6783,22.6441
,235.0300,23.4970,150.7731,22.7073
,235.2490,23.5189,150.6426,22.7340
,235.3460,23.5287,150.7697,22.7465
,235.3970,23.5338,150.8973,22.7502
,235.4390,23.5381,150.7682,22.7516
,235.8500,23.5790,150.8975,22.7793
,236.2920,23.6232,151.0227,22.8173
,236.7920,23.6733,151.0657,22.8523
,237.0010,23.6941,151.1921,22.8755
,237.0770,23.7018,151.0639,22.8855
,237.2750,23.7217,151.1908,22.8952
,237.4460,23.7386,151.3162,22.9197
,237.5170,23.7458,151.1872,22.9270
,237.7150,23.7656,151.3149,22.9507
,237.9160,23.7857,151.4401,22.9775
,237.9710,23.7913,151.3126,22.9854
,238.0090,23.7949,151.4402,22.9913
,238.1610,23.8101,151.3151,23.0051
,238.2480,23.8188,151.4416,23.0159
,238.6790,23.8620,151.5682,23.0540
,238.9020,23.8843,151.4418,23.0754
,238.9360,23.8877,151.5700,23.0784
,239.0190,23.8960,151.6979,23.0856
,239.0810,23.9023,151.5703,23.0942
,239.1860,23.9126,151.6996,23.1039
,239.2720,23.9212,151.5743,23.1090
,239.3160,23.9257,151.7008,23.1109
,239.7510,23.9692,151.8276,23.1314
,239.7920,23.9733,151.7011,23.1337
,239.8730,23.9813,151.8272,23.1403
,240.3710,24.0313,151.9557,23.1897
,240.4100,24.0350,151.8252,23.1919
,240.5270,24.0467,151.9503,23.2009
,240.8780,24.0819,152.0753,23.2381
,240.9820,24.0923,151.9479,23.2510
,241.0660,24.1008,152.0778,23.2608
,241.1640,24.1105,151.9504,23.2796
,241.1950,24.1136,152.0771,23.2833
,241.4460,24.1387,152.2088,23.3119
,241.4990,24.1441,152.0821,23.3162
,241.6930,24.1633,152.2108,23.3372
,241.7710,24.1712,152.0807,23.3471
,241.8260,24.1766,152.2104,23.3514
,242.3260,24.2267,152.2251,23.4111
,242.4260,24.2367,152.3510,23.4198
,242.9260,24.2867,152.3476,23.4576
,243.0930,24.3034,152.4795,23.4696
,243.4500,24.3391,152.6054,23.5021
,243.4940,24.3435,152.4787,23.5074
,243.7230,24.3664,152.6063,23.5275
,244.0080,24.3948,152.7314,23.5573
,244.0610,24.4002,152.6051,23.5601
,244.1240,24.4064,152.7319,23.5641
,244.2140,24.4154,152.6055,23.5736
,244.3890,24.4331,152.7319,23.5924
,244.6030,24.4544,152.8592,23.6195
,244.6380,24.4579,152.7315,23.6219
,244.6690,24.4609,152.8586,23.6244
,245.1690,24.5111,152.8674,23.6835
,245.3880,24.5328,152.9963,23.7022
,245.8880,24.5829,153.0984,23.7518
,246.3880,24.6328,153.1294,23.7828
,246.4360,24.6377,153.2544,23.7893
,246.4840,24.6425,153.1268,23.7947
,246.5640,24.6505,153.2568,23.7995
,247.0640,24.7004,153.3160,23.8446
,247.1290,24.7070,153.4433,23.8467
,247.1750,24.7115,153.3154,23.8477
,247.4390,24.7379,153.4426,23.8716
,247.9390,24.7881,153.4632,23.9241
,248.2010,24.8142,153.5946,23.9494
,248.5180,24.8459,153.4689,23.9788
,248.5740,24.8515,153.5970,23.9844
,248.8230,24.8764,153.7250,24.0081
,249.2580,24.9199,153.8515,24.0570
,249.3240,24.9266,153.7263,24.0623
,249.3810,24.9322,153.8544,24.0663
,249.7070,24.9647,153.7274,24.0977
,249.7760,24.9718,153.8533,24.1061
,250.0860,25.0026,153.9809,24.1326
,250.2920,25.0232,153.8554,24.1374
,250.3480,25.0290,153.9872,24.1402
,250.4030,25.0343,154.1135,24.1478
,250.4300,25.0370,153.9855,24.1494
,250.5190,25.0460,154.1109,24.1552
,250.5800,25.0522,153.9851,24.1584
,250.7570,25.0697,154.1102,24.1771
,250.9550,25.0896,154.2377,24.1989
,251.1100,25.1050,154.1124,24.2048
,251.4110,25.1352,154.2387,24.2404
,251.6680,25.1609,154.3667,24.2666
,251.7500,25.1692,154.2402,24.2743
,252.0000,25.1940,154.3684,24.2980
,252.4820,25.2422,154.4984,24.3602
,252.9820,25.2924,154.4411,24.4021
,253.0000,25.2942,154.5686,24.4036
,253.4770,25.3419,154.6982,24.4455
,253.5270,25.3468,154.5711,24.4490
,253.5800,25.3522,154.7003,24.4556
,253.7970,25.3738,154.8255,24.4806
,254.0900,25.4030,154.6983,24.4964
,254.2360,25.4177,154.8266,24.5105
,254.7360,25.4678,154.8064,24.5579
,254.7520,25.4693,154.9357,24.5591
,254.7610,25.4702,155.0613,24.5594
,254.8670,25.4807,154.9351,24.5676
,254.8960,25.4836,155.0647,24.5675
,254.9300,25.4871,154.9321,24.5703
,255.1020,25.5042,155.0574,24.5842
,255.6020,25.5542,154.9879,24.6327
,255.7450,25.5687,155.1130,24.6619
,255.8210,25.5762,155.2415,24.6700
,255.8550,25.5797,155.1142,24.6728
,256.0720,25.6013,155.2439,24.7043
,256.1060,25.6047,155.1176,24.7121
,256.1310,25.6071,155.2514,24.7184
,256.2970,25.6237,155.1238,24.7365
,256.3900,25.6331,155.2494,24.7489
,256.5340,25.6475,155.3773,24.7652
,256.5560,25.6498,155.2507,24.7674
,256.8380,25.6778,155.3782,24.7872
,257.3380,25.7279,155.5049,24.8309
,257.8380,25.7780,155.4272,24.8690
,257.8780,25.7818,155.5526,24.8711
,257.8890,25.7829,155.6848,24.8725
,257.9350,25.7877,155.5578,24.8770
,258.0730,25.8014,155.6851,24.8881
,258.1220,25.8062,155.5594,24.8933
,258.2110,25.8152,155.6863,24.9028
,258.7110,25.8651,155.7386,24.9592
,258.9260,25.8867,155.8639,24.9857
,258.9610,25.8903,155.7358,24.9880
,259.2570,25.9197,155.8628,25.0322
,259.4110,25.9352,155.9903,25.0537
,259.5360,25.9478,155.8648,25.0752
,259.7460,25.9687,155.9929,25.0986
,260.1190,26.0061,156.1198,25.1404
,260.2210,26.0163,155.9885,25.1462
,260.2640,26.0205,156.1137,25.1505
,260.3950,26.0335,155.9886,25.1586
,260.4260,26.0366,156.1146,25.1585
,260.4430,26.0384,156.2401,25.1587
,260.4700,26.0411,156.1150,25.1607
,260.9700,26.0910,156.1185,25.1985
,261.0160,26.0957,156.2451,25.2034
,261.2610,26.1203,156.1199,25.2276
,261.3200,26.1260,156.2461,25.2317
,261.3640,26.1306,156.3726,25.2341
,261.5710,26.1511,156.2463,25.2612
,261.7240,26.1665,156.3743,25.2814
,261.9580,26.1900,156.2490,25.3057
,261.9920,26.1933,156.3742,25.3089
,262.1780,26.2119,156.5019,25.3388
,262.2780,26.2219,156.3751,25.3510
,262.3190,26.2260,156.5005,25.3555
,262.7150,26.2655,156.6268,25.3993
,262.7850,26.2726,156.4971,25.4102
,263.0050,26.2946,156.6328,25.4329
,263.0170,26.2958,156.7659,25.4342
,263.0650,26.3006,156.6405,25.4386
,263.5650,26.3507,156.7238,25.4876
,263.5910,26.3532,156.8493,25.4901
,263.7010,26.3642,156.7233,25.4947
,264.1280,26.4069,156.8518,25.5353
,264.6280,26.4568,156.9107,25.5838
,264.8850,26.4825,157.0383,25.6096
,264.9210,26.4863,156.9092,25.6129
,265.1040,26.5044,157.0363,25.6259
,265.4000,26.5342,157.1659,25.6651
,265.4330,26.5374,157.0378,25.6683
,265.4460,26.5387,156.9121,25.6701
,265.4900,26.5431,157.0393,25.6749
,265.6540,26.5595,157.1691,25.6971
,265.7550,26.5696,157.0412,25.7068
,265.8230,26.5763,157.1700,25.7081
,266.0300,26.5971,157.2955,25.7251
,266.2120,26.6154,157.1678,25.7402
,266.2940,26.6235,157.2943,25.7449
,266.3260,26.6267,157.1621,25.7483
,266.4190,26.6360,157.2894,25.7537
,266.6770,26.6618,157.4147,25.7731
,267.1770,26.7117,157.4151,25.8245
,267.4090,26.7350,157.5406,25.8400
,267.4600,26.7402,157.4102,25.8478
,267.4890,26.7430,157.5392,25.8525
,267.9890,26.7930,157.6136,25.9127
,268.4020,26.8343,157.7391,25.9716
,268.9020,26.8842,157.7991,26.0116
,269.2310,26.9172,157.9271,26.0342
,269.3590,26.9299,157.8005,26.0413
,269.6180,26.9559,157.9313,26.0569
,270.0680,27.0008,158.0577,26.0989
,270.5680,27.0509,158.1404,26.1535
,271.0390,27.0981,158.0132,26.2211
,271.0700,27.1011,158.1464,26.2272
,271.1320,27.1073,158.2737,26.2350
,271.4550,27.1396,158.1456,26.2816
,271.5460,27.1486,158.2717,26.2896
,271.8650,27.1805,158.3972,26.3299
,272.3630,27.2303,158.2706,26.3620
,272.3950,27.2337,158.4004,26.3626
,272.5080,27.2449,158.5291,26.3729
,272.5440,27.2484,158.4008,26.3735
,272.5860,27.2526,158.5280,26.3777
,272.6810,27.2622,158.4021,26.3867
,272.7030,27.2644,158.5273,26.3874
,272.7560,27.2698,158.4011,26.3913
,272.9000,27.2841,158.5319,26.3979
,273.2670,27.3208,158.6578,26.4233
,273.5900,27.3530,158.7832,26.4539
,273.6890,27.3629,158.6574,26.4705
,274.0180,27.3960,158.7827,26.5130
,274.4060,27.4346,158.9097,26.5765
,274.6330,27.4574,158.7808,26.6050
,274.7230,27.4664,158.9065,26.6150
,275.0560,27.4998,159.0360,26.6562
,275.2020,27.5143,158.9101,26.6675
,275.2500,27.5192,159.0417,26.6694
,275.6180,27.5560,159.1678,26.6920
,275.6590,27.5600,159.0398,26.6946
,275.8260,27.5767,159.1665,26.7028
,276.3260,27.6267,159.1799,26.7274
,276.5660,27.6506,159.3053,26.7486
,276.9990,27.6941,159.4369,26.7862
,277.0410,27.6982,159.3114,26.7894
,277.1870,27.7127,159.4386,26.8146
,277.2900,27.7230,159.3055,26.8280
,277.4230,27.7363,159.4313,26.8469
,277.7860,27.7727,159.5598,26.8994
,277.8770,27.7817,159.4338,26.9133
,277.9650,27.7905,159.5594,26.9222
,278.4650,27.8406,159.6082,26.9907
,278.6520,27.8592,159.7357,27.0119
,279.1520,27.9093,159.8373,27.0381
,279.2350,27.9175,159.7119,27.0406
,279.2940,27.9236,159.8397,27.0425
,279.7430,27.9684,159.7124,27.0714
,279.8290,27.9769,159.8377,27.0756
,279.9400,27.9881,159.9639,27.0825
,279.9770,27.9919,159.8388,27.0843
,280.1140,28.0056,159.9647,27.0985
,280.5920,28.0532,160.0908,27.1527
,280.9120,28.0853,159.9638,27.1924
,280.9750,28.0915,160.0903,27.1999
,281.0940,28.1035,160.2164,27.2149
,281.2950,28.1236,160.0910,27.2353
,281.4150,28.1355,160.2182,27.2522
,281.7300,28.1671,160.3503,27.2999
,281.7930,28.1735,160.2216,27.3069
,281.9110,28.1853,160.3496,27.3194
,282.0190,28.1959,160.2232,27.3281
,282.1080,28.2048,160.3500,27.3369
,282.3650,28.2306,160.4771,27.3577
,282.4820,28.2424,160.3508,27.3660
,282.6940,28.2634,160.4822,27.3856
,283.0160,28.2956,160.6106,27.4014
,283.1580,28.3099,160.4830,27.4143
,283.5200,28.3462,160.6091,27.4456
,283.8220,28.3762,160.7356,27.4745
,284.0110,28.3952,160.6095,27.4968
,284.3010,28.4242,160.7349,27.5251
,284.4890,28.4430,160.8611,27.5521
,284.7030,28.4645,160.7342,27.5798
,284.8040,28.4746,160.8655,27.5878
,284.9850,28.4925,160.9930,27.6021
,285.0870,28.5027,160.8660,27.6147
,285.4040,28.5345,160.9939,27.6518
,285.7780,28.5718,160.8687,27.6870
,285.8360,28.5777,160.9985,27.6943
,286.1530,28.6095,161.1240,27.7195
,286.2870,28.6228,160.9990,27.7308
,286.3960,28.6337,161.1255,27.7372
,286.6110,28.6552,161.2519,27.7571
,286.7630,28.6705,161.1242,27.7650
,287.1130,28.7055,161.2492,27.7859
,287.3110,28.7253,161.3765,27.8061
,287.8110,28.7752,161.2829,27.8533
,287.8380,28.7778,161.4097,27.8583
,287.9850,28.7926,161.5356,27.8696
,288.0410,28.7981,161.4097,27.8782
,288.0880,28.8028,161.5377,27.8840
,288.1810,28.8121,161.4120,27.8968
,288.2160,28.8157,161.5446,27.9033
,288.7160,28.8657,161.4412,27.9635
,288.7380,28.8678,161.5662,27.9645
,289.0080,28.8949,161.6929,27.9972
,289.0410,28.8983,161.5662,28.0020
,289.2130,28.9153,161.6962,28.0198
,289.7130,28.9655,161.7472,28.0773
,290.0250,28.9965,161.8783,28.1004
,290.2750,29.0216,161.7509,28.1126
,290.4140,29.0356,161.8785,28.1228
,290.7580,29.0700,162.0050,28.1509
,290.8290,29.0769,161.8795,28.1600
,290.9020,29.0844,162.0072,28.1644
,291.0400,29.0980,161.8793,28.1877
,291.1770,29.1117,162.0069,28.2023
,291.2790,29.1219,162.1322,28.2046
,291.6660,29.1607,162.0064,28.2557
,291.6980,29.1640,162.1349,28.2610
,291.8540,29.1794,162.0096,28.2776
,291.8930,29.1834,162.1380,28.2830
,292.0820,29.2023,162.2640,28.3138
,292.1610,29.2103,162.1375,28.3245
,292.3330,29.2273,162.2653,28.3581
,292.4040,29.2344,162.1401,28.3680
,292.5160,29.2457,162.2679,28.3843
,292.6240,29.2565,162.1422,28.4001
,292.6650,29.2606,162.2708,28.4062
,293.0150,29.2955,162.3963,28.4378
,293.5150,29.3456,162.4244,28.4694
,294.0110,29.3952,162.5497,28.4958
,294.2460,29.4186,162.4247,28.5124
,294.2730,29.4213,162.5525,28.5154
,294.5230,29.4464,162.6794,28.5367
,294.9830,29.4924,162.8070,28.6002
,295.1680,29.5109,162.6805,28.6280
,295.2550,29.5196,162.8063,28.6386
,295.7460,29.5687,162.9322,28.7057
,295.8220,29.5764,162.8070,28.7173
,295.9040,29.5844,162.9338,28.7294
,295.9330,29.5874,162.8073,28.7327
,295.9950,29.5935,162.9347,28.7383
,296.4950,29.6436,162.9771,28.7814
,296.9140,29.6855,163.1049,28.8063
,297.4140,29.7356,163.1792,28.8306
,297.5590,29.7501,163.3074,28.8389
,297.7010,29.7641,163.1810,28.8529
,297.9240,29.7864,163.3071,28.8740
,297.9900,29.7932,163.1820,28.8784
,298.0870,29.8028,163.3111,28.8909
,298.5230,29.8463,163.1861,28.9550
,298.5660,29.8508,163.3164,28.9633
,298.7120,29.8653,163.4442,28.9809
,298.7750,29.8717,163.3181,28.9900
,298.8470,29.8787,163.4483,28.9984
,299.3410,29.9282,163.5766,29.0565
,299.4180,29.9359,163.4474,29.0641
,299.5950,29.9536,163.5735,29.0764
,300.0950,30.0035,163.6790,29.1154
,300.4710,30.0412,163.8053,29.1301
,300.5110,30.0453,163.6803,29.1305
,300.8080,30.0748,163.8060,29.1544
,300.8800,30.0821,163.6807,29.1540
,300.9050,30.0845,163.8118,29.1536
,301.4050,30.1345,163.8623,29.1979
,301.7820,30.1724,163.9875,29.2404
,301.9660,30.1906,163.8592,29.2646
,302.0100,30.1951,163.9872,29.2710
,302.5100,30.2450,164.0685,29.3245
,302.9290,30.2871,164.1938,29.3680
,303.1420,30.3083,164.3223,29.3821
,303.1920,30.3132,164.1957,29.3866
,303.5450,30.3486,164.3236,29.4060
,303.7730,30.3714,164.1984,29.4152
,303.8070,30.3747,164.3239,29.4155
,304.1110,30.4052,164.4506,29.4371
,304.2560,30.4197,164.3232,29.4453
,304.4600,30.4400,164.4488,29.4588
,304.9600,30.4900,164.4497,29.5025
,305.1590,30.5099,164.5763,29.5213
,305.3880,30.5329,164.7045,29.5510
,305.4120,30.5353,164.5747,29.5541
,305.5870,30.5528,164.7014,29.5731
,305.6360,30.5576,164.5721,29.5786
,305.7700,30.5711,164.6992,29.5922
,306.2700,30.6211,164.7229,29.6329
,306.6450,30.6586,164.8529,29.6609
,306.6690,30.6609,164.9811,29.6625
,306.6940,30.6635,164.8483,29.6626
,306.7790,30.6719,164.7220,29.6697
,306.8830,30.6823,164.8478,29.6794
,307.1430,30.7084,164.9754,29.7055
,307.6430,30.7585,164.9166,29.7365
,307.7040,30.7644,165.0437,29.7423
,307.7570,30.7699,164.9165,29.7480
,307.8390,30.7780,165.0435,29.7567
,308.2100,30.8152,165.1713,29.7988
,308.3340,30.8276,165.0458,29.8179
,308.3890,30.8330,165.1710,29.8277
,308.8890,30.8831,165.1541,29.8828
,309.0760,30.9017,165.2808,29.9042
,309.1900,30.9130,165.1502,29.9140
,309.3490,30.9290,165.2763,29.9324
,309.6000,30.9542,165.4019,29.9577
,309.6740,30.9615,165.2730,29.9667
,309.8640,30.9804,165.3993,29.9864
,310.0270,30.9968,165.2722,30.0007
,310.1430,31.0084,165.3974,30.0082
,310.6380,31.0580,165.5234,30.0449
,311.1380,31.1078,165.6111,30.0930
,311.3070,31.1249,165.4861,30.1188
,311.4250,31.1367,165.6163,30.1316
,311.6650,31.1606,165.7429,30.1642
,311.7030,31.1643,165.6122,30.1688
,311.9200,31.1861,165.7386,30.1899
,312.2060,31.2146,165.6083,30.2148
,312.2490,31.2190,165.7351,30.2212
,312.4970,31.2438,165.8609,30.2502
,312.6020,31.2543,165.7315,30.2584
,312.6430,31.2584,165.8571,30.2640
,312.9710,31.2911,165.9831,30.2987
,313.0440,31.2986,165.8502,30.3026
,313.1160,31.3057,165.9753,30.3126
,313.2950,31.3236,165.8490,30.3303
,313.3330,31.3273,165.9744,30.3333
,313.6040,31.3546,165.8448,30.3655
,313.6460,31.3587,165.9706,30.3699
,313.8820,31.3823,166.0978,30.4028
,314.1160,31.4056,165.9728,30.4337
,314.1540,31.4094,166.0991,30.4383
,314.6540,31.4595,166.1577,30.4893
,314.6910,31.4631,166.2832,30.4955
,314.7340,31.4675,166.1570,30.5030
,314.8010,31.4741,166.2853,30.5109
,314.9300,31.4870,166.1584,30.5241
,314.9580,31.4899,166.2843,30.5279
,315.4580,31.5400,166.3418,30.5670
,315.6500,31.5591,166.4669,30.5832
,315.7290,31.5669,166.3411,30.5894
,315.9680,31.5908,166.4682,30.6108
,316.0670,31.6008,166.3410,30.6208
,316.0980,31.6039,166.4674,30.6259
,316.2570,31.6199,166.3422,30.6405
,316.2830,31.6224,166.4721,30.6440
,316.4470,31.6387,166.3440,30.6555
,316.4860,31.6427,166.4695,30.6602
,316.5570,31.6497,166.5948,30.6683
,316.7140,31.6656,166.4649,30.6925
,316.9140,31.6855,166.5912,30.7252
,316.9460,31.6887,166.4647,30.7295
,316.9890,31.6929,166.5904,30.7333
,317.4450,31.7386,166.7186,30.7809
,317.9450,31.7886,166.7402,30.8280
,318.4450,31.8387,166.7837,30.8752
,318.6340,31.8575,166.9118,30.8889
,319.1340,31.9076,166.9178,30.9151
,319.4210,31.9361,167.0437,30.9467
,319.5390,31.9479,166.9184,30.9563
,319.6120,31.9552,167.0485,30.9638
,319.7570,31.9697,166.9233,30.9766
,319.8130,31.9755,167.0487,30.9815
,320.1320,32.0073,167.1770,31.0300
,320.1930,32.0133,167.0477,31.0380
,320.4490,32.0390,167.1743,31.0659
,320.9490,32.0891,167.0898,31.1236
,321.0350,32.0976,167.2218,31.1275
,321.1860,32.1127,167.3511,31.1337
,321.3510,32.1291,167.2231,31.1487
,321.4950,32.1436,167.3504,31.1609
,321.5200,32.1462,167.4767,31.1620
,321.5560,32.1497,167.3502,31.1645
,322.0560,32.1997,167.4199,31.1954
,322.2930,32.2234,167.2928,31.2201
,322.3220,32.2264,167.4215,31.2232
,322.3870,32.2327,167.5495,31.2319
,322.4380,32.2379,167.4233,31.2359
,322.6000,32.2540,167.5490,31.2448
,322.7270,32.2668,167.4206,31.2523
,322.8150,32.2757,167.5471,31.2610
,323.1060,32.3046,167.6746,31.2959
,323.3550,32.3297,167.5492,31.3218
,323.5550,32.3495,167.6768,31.3470
,324.0550,32.3997,167.7025,31.4007
,324.2630,32.4204,167.8280,31.4261
,324.4190,32.4360,167.7029,31.4409
,324.5660,32.4506,167.8279,31.4530
,324.7900,32.4730,167.9529,31.4759
,324.8450,32.4786,167.8277,31.4800
,324.8640,32.4805,167.7009,31.4823
,324.9020,32.4842,167.8316,31.4861
,325.2340,32.5175,167.9609,31.5095
,325.7340,32.5675,167.9849,31.5586
,325.8390,32.5780,167.8596,31.5656
,325.8980,32.5840,167.9870,31.5726
,326.2020,32.6142,168.1120,31.6034
,326.7020,32.6643,168.2152,31.6450
,326.7670,32.6707,168.0866,31.6519
,326.8340,32.6775,168.2170,31.6551
,327.3340,32.7274,168.2341,31.7111
,327.5870,32.7528,168.3637,31.7326
,327.6490,32.7590,168.2350,31.7403
,327.7630,32.7704,168.3670,31.7551
,327.9700,32.7911,168.2390,31.7700
,328.1450,32.8086,168.3661,31.7974
,328.5440,32.8485,168.4948,31.8426
,328.6130,32.8553,168.3698,31.8510
,328.7110,32.8652,168.4974,31.8598
,329.2110,32.9152,168.5071,31.9028
,329.6550,32.9596,168.6350,31.9431
,329.8710,32.9811,168.5097,31.9558
,329.9630,32.9904,168.6361,31.9625
,330.2310,33.0171,168.7611,31.9832
,330.6370,33.0578,168.6338,32.0147
,330.7340,33.0676,168.7594,32.0243
,331.2340,33.1174,168.7387,32.0813
,331.2570,33.1198,168.8653,32.0830
,331.3960,33.1338,168.7402,32.0967
,331.4360,33.1376,168.8705,32.1015
,331.9360,33.1877,168.9898,32.1726
,332.4360,33.2378,169.0020,32.2308
,332.4870,33.2428,169.1279,32.2372
,332.5470,33.2489,169.0004,32.2404
,332.9590,33.2900,169.1346,32.2704
,333.1740,33.3115,169.0065,32.2716
,333.2070,33.3148,169.1315,32.2730
,333.7070,33.3649,169.1642,32.3097
,333.7620,33.3703,169.2897,32.3120
,334.2620,33.4204,169.3185,32.3641
,334.3020,33.4243,169.1880,32.3680
,334.3290,33.4270,169.3142,32.3703
,334.7700,33.4711,169.4429,32.4201
,335.1780,33.5119,169.3166,32.4779
,335.2840,33.5225,169.4439,32.4907
,335.5840,33.5525,169.5704,32.5186
,336.0840,33.6025,169.5619,32.5687
,336.2100,33.6151,169.6887,32.5727
,336.6620,33.6603,169.5562,32.5961
,336.7130,33.6654,169.6819,32.6015
,336.8920,33.6833,169.8132,32.6053
,336.9110,33.6852,169.9413,32.6069
,336.9460,33.6886,169.8161,32.6091
,337.0020,33.6943,169.6884,32.6119
,337.1350,33.7077,169.8138,32.6173
,337.6350,33.7575,169.8294,32.6776
,337.9130,33.7854,169.9563,32.7140
,337.9910,33.7932,169.8297,32.7207
,338.0760,33.8017,169.9574,32.7334
,338.5570,33.8498,170.0860,32.8005
,338.6180,33.8559,169.9577,32.8092
,338.9930,33.8935,170.0840,32.8549
,339.2750,33.9215,169.9541,32.8797
,339.3210,33.9262,170.0832,32.8831
,339.5100,33.9450,170.2096,32.8972
,339.5380,33.9480,170.0840,32.9011
,339.6220,33.9563,170.2101,32.9058
,339.6730,33.9615,170.0847,32.9063
,339.7580,33.9700,170.2124,32.9118
,339.7820,33.9724,170.0810,32.9117
,339.8560,33.9795,170.2105,32.9167
,340.3560,34.0298,170.2660,32.9424
,340.8560,34.0797,170.2931,32.9943
,341.0820,34.1022,170.4204,33.0231
,341.5790,34.1520,170.5476,33.0844
,341.6780,34.1618,170.4225,33.1023
,341.8880,34.1828,170.5482,33.1289
,341.9920,34.1933,170.4225,33.1446
,342.0870,34.2029,170.5514,33.1458
,342.1640,34.2105,170.6781,33.1530
,342.1820,34.2124,170.5477,33.1534
,342.2350,34.2176,170.4147,33.1563
,342.2670,34.2207,170.5463,33.1609
,342.4700,34.2410,170.6744,33.1824
,342.5620,34.2503,170.5487,33.1936
,342.7160,34.2657,170.6759,33.2120
,342.7600,34.2702,170.5496,33.2150
,342.8020,34.2743,170.6749,33.2184
,342.8750,34.2816,170.5484,33.2215
,342.9580,34.2898,170.6742,33.2281
,343.0620,34.3002,170.5460,33.2397
,343.0980,34.3039,170.6741,33.2442
,343.2180,34.3160,170.8043,33.2488
,343.2990,34.3240,170.6785,33.2567
,343.5930,34.3533,170.8059,33.2847
,343.6960,34.3637,170.6794,33.2905
,343.8980,34.3840,170.8060,33.3156
,344.1650,34.4106,170.9326,33.3377
,344.1970,34.4137,170.8042,33.3388
,344.4130,34.4354,170.9310,33.3591
,344.5440,34.4485,170.8026,33.3740
,344.7170,34.4659,170.9308,33.3868
,345.2170,34.5158,170.9751,33.4378
,345.3090,34.5250,171.1009,33.4490
,345.3570,34.5297,170.9732,33.4546
,345.4840,34.5424,171.0998,33.4675
,345.5550,34.5496,170.9736,33.4761
,345.6310,34.5573,171.1019,33.4825
,346.1310,34.6071,171.1445,33.5476
,346.3790,34.6320,171.2722,33.5757
,346.4090,34.6350,171.1456,33.5767
,346.8780,34.6819,171.2747,33.6177
,347.1100,34.7050,171.4016,33.6406
,347.2030,34.7143,171.2746,33.6467
,347.5460,34.7487,171.4014,33.6809
,347.6340,34.7575,171.2745,33.6911
,347.6910,34.7632,171.4068,33.6944
,348.1910,34.8133,171.4395,33.7294
,348.6510,34.8592,171.5656,33.7819
,348.7330,34.8675,171.4386,33.7867
,348.8160,34.8757,171.5682,33.7960
,349.3160,34.9258,171.6252,33.8622
,349.7730,34.9715,171.7578,33.9086
,349.9120,34.9853,171.6272,33.9229
,349.9630,34.9904,171.7538,33.9276
,350.0610,35.0002,171.6241,33.9379
,350.1040,35.0045,171.7511,33.9400
,350.3910,35.0332,171.8783,33.9621
,350.5010,35.0442,171.7507,33.9740
,350.9200,35.0861,171.8762,34.0057
,350.9550,35.0895,171.7507,34.0075
,350.9860,35.0927,171.8780,34.0112
,351.0780,35.1019,171.7511,34.0153
,351.1450,35.1087,171.8868,34.0210
,351.1940,35.1135,172.0125,34.0225
,351.2300,35.1171,171.8875,34.0236
,351.3500,35.1290,171.7599,34.0357
,351.3870,35.1328,171.8858,34.0402
,351.6300,35.1571,172.0136,34.0592
,351.7900,35.1731,171.8824,34.0791
,351.8500,35.1792,172.0107,34.0896
,352.0070,35.1947,171.8847,34.1188
,352.0390,35.1980,172.0110,34.1236
,352.5390,35.2480,172.0886,34.1809
,352.5730,35.2513,171.9635,34.1855
,352.8510,35.2793,172.0890,34.2156
,353.1110,35.3052,172.2141,34.2479
,353.3380,35.3279,172.0886,34.2708
,353.3720,35.3312,172.2154,34.2719
,353.6320,35.3573,172.0880,34.2949
,353.6790,35.3621,172.2152,34.2969
,353.7060,35.3646,172.3403,34.2989
,353.7630,35.3704,172.2074,34.3017
,353.9030,35.3844,172.3355,34.3114
,353.9700,35.3910,172.2089,34.3137
,354.0460,35.3987,172.3342,34.3236
,354.5460,35.4486,172.4605,34.3656
,354.6620,35.4603,172.3306,34.3735
,354.8880,35.4828,172.4580,34.4043
,354.9410,35.4882,172.3317,34.4104
,355.1640,35.5106,172.4593,34.4441
,355.6640,35.5604,172.5401,34.4994
,355.7760,35.5716,172.4117,34.5141
,355.8190,35.5760,172.5404,34.5177
,355.9580,35.5900,172.6688,34.5300
,356.0150,35.5956,172.5429,34.5362
,356.0830,35.6025,172.6700,34.5459
,356.1250,35.6065,172.5404,34.5488
,356.3950,35.6336,172.6658,34.5781
,356.7660,35.6707,172.5381,34.5994
,356.8490,35.6789,172.6638,34.6064
,356.8870,35.6828,172.7926,34.6104
,356.9210,35.6861,172.6628,34.6124
,357.0110,35.6953,172.7891,34.6163
,357.0530,35.6994,172.6638,34.6207
,357.2620,35.7203,172.7889,34.6414
,357.4940,35.7434,172.6624,34.6555
,357.5420,35.7482,172.7875,34.6581
,358.0420,35.7983,172.8343,34.7086
,358.1650,35.8106,172.9604,34.7202
,358.2450,35.8186,172.8351,34.7275
,358.6120,35.8553,172.9602,34.7712
,358.6810,35.8621,172.8292,34.7765
,358.7160,35.8657,172.9572,34.7800
,359.2160,35.9157,172.9957,34.8339
,359.4880,35.9429,173.1216,34.8578
,359.5540,35.9495,172.9902,34.8652
,359.6120,35.9553,173.1190,34.8696
,360.0100,35.9951,172.9925,34.8966
,360.0510,35.9992,173.1189,34.8978
,360.5490,36.0490,173.2441,34.9213
,360.6490,36.0590,173.1185,34.9288
,360.6700,36.0612,173.2500,34.9309
,360.9680,36.0908,173.1207,34.9586
,361.0000,36.0941,173.2464,34.9633
,361.0960,36.1036,173.1213,34.9787
,361.1290,36.1070,173.2495,34.9837
,361.3210,36.1262,173.3749,35.0011
,361.3460,36.1288,173.2483,35.0026
,361.6400,36.1580,173.3772,35.0343
,361.7310,36.1672,173.2488,35.0437
,361.7650,36.1705,173.3795,35.0444
,361.8570,36.1798,173.2524,35.0529
,361.9370,36.1879,173.3820,35.0569
,361.9570,36.1899,173.5076,35.0589
,361.9740,36.1915,173.3802,35.0616
,362.3580,36.2298,173.5092,35.0965
,362.3930,36.2334,173.3803,35.1005
,362.6560,36.2598,173.5076,35.1156
,362.7850,36.2725,173.3825,35.1265
,362.8290,36.2769,173.5102,35.1296
,363.3050,36.3247,173.3827,35.1503
,363.3420,36.3283,173.5104,35.1530
,363.8420,36.3783,173.5880,35.1880
,363.9230,36.3864,173.7171,35.1930
,363.9920,36.3933,173.5917,35.2006
,364.0940,36.4035,173.7170,35.2140
,364.4260,36.4367,173.5918,35.2533
,364.5240,36.4464,173.7206,35.2605
,365.0240,36.4966,173.7587,35.3210
,365.3480,36.5288,173.8886,35.3596
,365.3980,36.5339,173.7608,35.3650
,365.4450,36.5386,173.8883,35.3693
,365.4650,36.5406,174.0186,35.3714
,365.5000,36.5442,173.8936,35.3745
,365.5490,36.5489,173.7677,35.3801
,365.6460,36.5587,173.8942,35.3850
,365.8720,36.5812,173.7688,35.3980
,365.9670,36.5908,173.8942,35.3988
,366.0200,36.5960,174.0217,35.4003
,366.0640,36.6006,173.8964,35.4032
,366.4790,36.6419,174.0221,35.4282
,366.8280,36.6769,173.8930,35.4435
,366.8590,36.6801,174.0276,35.4442
,367.3590,36.7300,174.0311,35.4879
,367.3910,36.7332,174.1620,35.4927
,367.4980,36.7439,174.0358,35.5093
,367.6440,36.7584,174.1639,35.5287
,368.1440,36.8086,174.1265,35.5866
,368.4860,36.8428,174.2516,35.6227
,368.9760,36.8916,174.1261,35.6653
,369.0540,36.8996,174.2575,35.6639
,369.5510,36.9491,174.3856,35.6914
,369.7000,36.9641,174.2595,35.6984
,369.7300,36.9672,174.3853,35.7006
,370.2300,37.0171,174.3510,35.7382
,370.3390,37.0280,174.4797,35.7403
,370.4100,37.0351,174.3539,35.7435
,370.4860,37.0427,174.4796,35.7450
,370.9860,37.0927,174.4757,35.7898
,371.2060,37.1146,174.6013,35.8241
,371.4250,37.1365,174.4697,35.8526
,371.4650,37.1407,174.5960,35.8551
,371.5960,37.1538,174.7239,35.8701
,371.6220,37.1563,174.5954,35.8726
,371.8990,37.1839,174.7224,35.9005
,371.9280,37.1869,174.5905,35.9037
,372.0840,37.2025,174.7170,35.9205
,372.1350,37.2077,174.5899,35.9221
,372.1780,37.2119,174.7155,35.9295
,372.2470,37.2188,174.5889,35.9389
,372.3330,37.2274,174.7139,35.9479
,372.8330,37.2775,174.7541,35.9721
,373.3330,37.3274,174.7315,36.0034
,373.5450,37.3487,174.8618,36.0195
,373.6330,37.3574,174.7364,36.0311
,373.6770,37.3618,174.8648,36.0359
,373.7680,37.3709,174.7390,36.0470
,373.8060,37.3746,174.8649,36.0519
,373.9220,37.3863,174.9954,36.0650
,373.9710,37.3912,174.8689,36.0661
,374.0070,37.3949,174.7396,36.0659
,374.0460,37.3986,174.8678,36.0697
,374.1090,37.4051,174.9944,36.0746
,374.1390,37.4080,174.8682,36.0732
,374.2440,37.4185,174.9944,36.0815
,374.4030,37.4343,174.8675,36.0955
,374.4270,37.4367,174.9945,36.0988
,374.5220,37.4463,174.8685,36.1079
,374.9500,37.4890,174.9957,36.1608
,375.1710,37.5112,175.1224,36.1934
,375.2430,37.5185,174.9961,36.1998
,375.4080,37.5348,174.8684,36.2091
,375.4860,37.5427,175.0016,36.2178
,375.4980,37.5439,175.1280,36.2182
,375.5760,37.5517,175.0015,36.2260
,375.8210,37.5763,175.1293,36.2463
,376.3210,37.6262,175.1730,36.2869
,376.4260,37.6368,175.0477,36.2925
,376.5480,37.6489,175.1744,36.3054
,376.7030,37.6643,175.3027,36.3257
,376.7340,37.6675,175.1738,36.3303
,377.2340,37.7175,175.2654,36.3650
,377.6520,37.7594,175.3924,36.4052
,377.7740,37.7716,175.2638,36.4166
,377.9110,37.7852,175.3931,36.4317
,378.4110,37.8351,175.3838,36.4701
,378.9110,37.8853,175.4509,36.5089
,379.0610,37.9002,175.3249,36.5230
,379.0800,37.9020,175.4531,36.5264
,379.4850,37.9426,175.5821,36.5583
,379.6400,37.9581,175.4560,36.5674
,379.7710,37.9711,175.5831,36.5864
,379.9650,37.9907,175.7094,36.6132
,380.0650,38.0007,175.5810,36.6222
,380.1070,38.0048,175.4546,36.6269
,380.1380,38.0079,175.5836,36.6310
,380.2880,38.0229,175.7110,36.6468
,380.3200,38.0261,175.5824,36.6502
,380.4070,38.0348,175.7083,36.6596
,380.4260,38.0367,175.5784,36.6621
,380.4650,38.0405,175.7043,36.6650
,380.7540,38.0696,175.5789,36.6913
,381.0390,38.0979,175.7046,36.7137
,381.1370,38.1078,175.5740,36.7224
,381.1690,38.1110,175.6996,36.7253
,381.6690,38.1610,175.7910,36.7607
,381.7660,38.1707,175.6599,36.7665
,381.9510,38.1892,175.7876,36.7768
,382.0220,38.1963,175.6585,36.7808
,382.1090,38.2049,175.7872,36.7849
,382.6090,38.2551,175.8160,36.8241
,382.9450,38.2887,175.6841,36.8497
,382.9960,38.2937,175.8176,36.8521
,383.1030,38.3044,175.9434,36.8702
,383.3380,38.3279,175.8147,36.9020
,383.3900,38.3331,175.9442,36.9092
,383.5240,38.3466,175.8170,36.9210
,383.5830,38.3523,175.9479,36.9285
,383.7240,38.3666,175.8206,36.9413
,383.9310,38.3871,175.9497,36.9568
,383.9910,38.3932,175.8208,36.9664
,384.0750,38.4016,175.9476,36.9760
,384.5750,38.4516,176.0569,37.0202
,384.7340,38.4674,175.9317,37.0388
,384.9330,38.4874,176.0578,37.0475
,385.0490,38.4989,175.9318,37.0533
,385.2760,38.5216,176.0589,37.0594
,385.7760,38.5716,176.0825,37.0847
,386.0870,38.6028,175.9569,37.1005
,386.1500,38.6092,176.0848,37.1075
,386.2600,38.6201,175.9576,37.1173
,386.3250,38.6265,176.0858,37.1311
,386.3670,38.6308,175.9582,37.1337
,386.4210,38.6361,176.0852,37.1367
,386.9210,38.6861,176.1001,37.1887
,387.3840,38.7325,175.9749,37.2354
,387.4150,38.7357,176.1056,37.2390
,387.7190,38.7659,176.2308,37.2781
,388.0090,38.7951,176.1055,37.3088
,388.2720,38.8212,176.2306,37.3283
,388.6420,38.8582,176.1056,37.3567
,388.7370,38.8677,176.2309,37.3598
,388.8230,38.8764,176.1051,37.3619
,389.3160,38.9256,176.2317,37.3822
,389.3700,38.9311,176.1057,37.3840
,389.5260,38.9466,176.2336,37.3946
,389.5710,38.9512,176.1036,37.3953
,389.7290,38.9671,176.2295,37.4020
,389.8270,38.9769,176.1040,37.4108
,389.9280,38.9869,176.2293,37.4164
,390.1470,39.0088,176.1033,37.4293
,390.4530,39.0393,176.2317,37.4568
,390.9530,39.0894,176.1240,37.5021
,390.9800,39.0922,176.2508,37.5040
,391.1560,39.1096,176.1256,37.5089
,391.3620,39.1303,176.2514,37.5273
,391.5440,39.1486,176.1263,37.5496
,391.6430,39.1584,176.2534,37.5584
,391.7790,39.1720,176.1274,37.5641
,392.2590,39.2200,176.2555,37.6034
,392.3020,39.2242,176.1233,37.6102
,392.8020,39.2744,176.1860,37.6477
,393.0250,39.2966,176.0590,37.6639
,393.1530,39.3094,176.1844,37.6708
,393.2080,39.3149,176.0504,37.6763
,393.2310,39.3172,175.9254,37.6791
,393.2530,39.3194,176.0542,37.6812
,393.5940,39.3534,176.1813,37.6893
,393.7090,39.3649,176.0513,37.6985
,394.0820,39.4023,176.1812,37.7111
,394.2020,39.4143,176.0561,37.7185
,394.2720,39.4212,176.1835,37.7241
,394.4350,39.4377,176.0579,37.7317
,394.9350,39.4875,175.9540,37.7759
,394.9760,39.4917,176.0825,37.7788
,395.3580,39.5300,175.9568,37.8051
,395.6690,39.5610,176.0859,37.8276
,395.7110,39.5653,175.9572,37.8277
,396.2110,39.6152,175.9227,37.8532
,396.2750,39.6217,176.0499,37.8585
,396.3450,39.6286,175.9205,37.8588
,396.3610,39.6302,175.7936,37.8596
,396.4620,39.6403,175.9220,37.8707
,396.6420,39.6582,175.7938,37.8822
,397.0780,39.7019,175.6664,37.9173
,397.1400,39.7080,175.7939,37.9169
,397.1810,39.7122,175.6682,37.9155
,397.4560,39.7397,175.5421,37.9276
,397.4850,39.7426,175.6697,37.9297
,397.6420,39.7584,175.5426,37.9359
,397.7940,39.7735,175.4176,37.9397
,398.1330,39.8074,175.2864,37.9486
,398.1940,39.8136,175.1581,37.9497
,398.2310,39.8173,175.0312,37.9483
,398.3940,39.8334,174.9025,37.9467
,398.5050,39.8445,174.7766,37.9404
,398.6100,39.8550,174.6488,37.9340
,398.6640,39.8606,174.5231,37.9354
,398.7540,39.8695,174.3954,37.9354
,398.8030,39.8745,174.2692,37.9329
,398.9160,39.8857,174.1405,37.9295
,399.0050,39.8946,174.0095,37.9308
,399.0250,39.8966,173.8816,37.9286
,399.0730,39.9013,173.7517,37.9254
,399.1030,39.9044,173.6249,37.9237
,399.2360,39.9178,173.4971,37.9135
,399.2740,39.9215,173.3695,37.9090
,399.3720,39.9314,173.2427,37.8959
,399.3930,39.9334,173.1165,37.8941
,399.4830,39.9425,172.9890,37.8892
,399.5460,39.9486,172.8629,37.8861
,399.5890,39.9530,172.7317,37.8838
,399.6090,39.9550,172.6040,37.8806
,399.6900,39.9631,172.4763,37.8718
,399.7320,39.9673,172.3480,37.8676
,399.7480,39.9688,172.2193,37.8647
,399.8410,39.9783,172.0924,37.8478
,399.8700,39.9811,171.9649,37.8447
,399.9000,39.9841,171.8397,37.8384
,399.9370,39.9879,171.7147,37.8298
,400.0020,39.9943,171.5863,37.8185
,400.0170,39.9958,171.4578,37.8158
,400.0420,39.9984,171.3315,37.8110
,400.0590,40.0001,171.2025,37.8075
,400.1060,40.0046,171.0771,37.7994
,400.1310,40.0071,170.9465,37.7954
,400.1830,40.0125,170.8178,37.7835
,400.2010,40.0142,170.6920,37.7810
,400.2230,40.0163,170.5663,37.7766
,400.2450,40.0186,170.4400,37.7723
,400.2620,40.0203,170.3093,37.7681
,400.2750,40.0216,170.1833,37.7650
,400.3160,40.0256,170.0539,37.7517
,400.3280,40.0268,169.9145,37.7442
,400.3370,40.0277,169.7892,37.7347
,400.3520,40.0292,169.6606,37.7195
,400.3810,40.0322,169.5327,37.6956
,400.3960,40.0338,169.3990,37.6855
,400.4070,40.0349,169.2656,37.6782
,400.4190,40.0360,169.1359,37.6736
,400.4360,40.0377,169.0082,37.6740
,400.4460,40.0387,168.8739,37.6727
,400.4530,40.0394,168.7478,37.6699
,400.4610,40.0402,168.6200,37.6655
,400.4730,40.0414,168.4933,37.6598
,400.4830,40.0424,168.3640,37.6553
,400.4930,40.0434,168.2355,37.6508
,400.5020,40.0444,168.0960,37.6447
,400.5090,40.0451,167.9551,37.6388
,400.5160,40.0458,167.8237,37.6321
,400.5220,40.0464,167.6636,37.6255
,400.5250,40.0467,167.4539,37.6220
,400.5260,40.0468,167.0778,37.6208
,400.5270,40.0469,166.2283,37.6196
,400.5280,40.0470,164.7822,37.6183
,400.5290,40.0471,162.7080,37.6169
,400.5300,40.0472,160.0390,37.6155
,400.5310,40.0473,156.8395,37.6141
,400.5320,40.0474,153.1750,37.6125
,400.5330,40.0475,149.1098,37.6110
,400.5340,40.0476,144.6990,37.6094
,400.5350,40.0476,139.9903,37.6078
,400.5360,40.0477,135.0276,37.6062
,400.5370,40.0478,129.8510,37.6046
,400.5380,40.0479,124.4995,37.6029
,400.5390,40.0480,119.0095,37.6013
,400.5400,40.0481,113.4140,37.5997
,400.5410,40.0482,107.7417,37.5981
,400.5420,40.0483,102.0184,37.5966
,400.5430,40.0484,96.2697,37.5951
,400.5440,40.0485,90.5199,37.5936
,400.5450,40.0486,84.7920,37.5921
,400.5460,40.0487,79.1065,37.5906
,400.5470,40.0488,73.4813,37.5893
,400.5480,40.0489,67.9321,37.5879
,400.5490,40.0490,62.4731,37.5866
,400.5500,40.0491,57.1173,37.5853
,400.5510,40.0492,51.8764,37.5841
,400.5520,40.0493,46.7599,37.5829
,400.5530,40.0494,41.7757,37.5818
,400.5540,40.0495,36.9311,37.5807
,400.5550,40.0496,32.2326,37.5797
,400.5560,40.0497,27.6856,37.5787
,400.5570,40.0498,23.2949,37.5777
,400.5580,40.0499,19.0640,37.5768
,400.5590,40.0500,14.9954,37.5759
,400.5600,40.0501,11.0912,37.5751
,400.5610,40.0502,7.3522,37.5744
,400.5620,40.0503,3.7787,37.5736
,400.5630,40.0504,0.3702,37.5730
,400.5640,40.0505,-2.8748,37.5723
