2,Time,Displacement,Force,Strain 1
,(s),(mm),(N),(%)
,0.0000,0.0000,0.0143,-0.0003
,0.0260,0.0000,-0.1117,-0.0002
,0.0670,0.0009,0.0148,-0.0010
,0.1510,0.0059,0.1420,-0.0002
,0.1700,0.0081,0.2704,0.0005
,0.1830,0.0098,0.3974,0.0007
,0.1960,0.0116,0.5228,0.0011
,0.2270,0.0157,0.6482,0.0024
,0.2730,0.0207,0.7757,0.0044
,0.3080,0.0243,0.9034,0.0081
,0.3310,0.0267,1.0287,0.0096
,0.3750,0.0311,1.1540,0.0126
,0.3950,0.0331,1.2796,0.0142
,0.4150,0.0351,1.4079,0.0154
,0.4330,0.0370,1.5337,0.0167
,0.5000,0.0436,1.6616,0.0200
,0.5390,0.0475,1.7919,0.0231
,0.5810,0.0517,1.9203,0.0282
,0.5990,0.0534,2.0468,0.0310
,0.6290,0.0564,2.1736,0.0360
,0.6520,0.0588,2.3023,0.0401
,0.6740,0.0610,2.4286,0.0428
,0.7110,0.0646,2.5545,0.0455
,0.7510,0.0686,2.6833,0.0489
,0.7860,0.0722,2.8098,0.0503
,0.8450,0.0781,2.9380,0.0540
,0.8600,0.0796,3.0661,0.0559
,0.9130,0.0850,3.1941,0.0621
,0.9310,0.0867,3.3196,0.0641
,0.9820,0.0918,3.4467,0.0695
,0.9960,0.0932,3.5772,0.0708
,1.0540,0.0990,3.7056,0.0745
,1.0930,0.1029,3.8314,0.0779
,1.1210,0.1058,3.9647,0.0819
,1.1470,0.1084,4.0919,0.0836
,1.1810,0.1116,4.2226,0.0868
,1.2210,0.1157,4.3487,0.0905
,1.2350,0.1171,4.4769,0.0917
,1.2540,0.1190,4.6050,0.0928
,1.3460,0.1282,4.7320,0.0994
,1.3630,0.1299,4.8666,0.1002
,1.3780,0.1314,4.9927,0.1015
,1.4440,0.1380,5.1183,0.1085
,1.4710,0.1408,5.2504,0.1111
,1.4880,0.1425,5.3797,0.1125
,1.5140,0.1450,5.5060,0.1132
,1.5400,0.1476,5.6311,0.1138
,1.6230,0.1559,5.7611,0.1206
,1.6640,0.1600,5.8918,0.1253
,1.6900,0.1627,6.0209,0.1292
,1.7590,0.1694,6.1469,0.1358
,1.7970,0.1732,6.2747,0.1379
,1.8120,0.1748,6.3998,0.1399
,1.8310,0.1767,6.5276,0.1424
,1.8940,0.1829,6.6549,0.1452
,1.9290,0.1865,6.7817,0.1476
,1.9600,0.1896,6.9083,0.1487
,1.9920,0.1927,7.0380,0.1503
,2.0400,0.1976,7.1719,0.1535
,2.0840,0.2020,7.2987,0.1581
,2.0990,0.2035,7.4267,0.1593
,2.1190,0.2055,7.5545,0.1613
,2.1450,0.2081,7.6795,0.1642
,2.2090,0.2145,7.8057,0.1702
,2.2380,0.2174,7.9313,0.1731
,2.2640,0.2201,8.0651,0.1757
,2.3180,0.2254,8.1923,0.1786
,2.3560,0.2292,8.3188,0.1800
,2.3820,0.2318,8.4458,0.1836
,2.4180,0.2354,8.5742,0.1881
,2.4390,0.2375,8.7014,0.1900
,2.4540,0.2389,8.8274,0.1915
,2.5320,0.2468,8.9536,0.1953
,2.5530,0.2488,9.0795,0.1965
,2.5860,0.2521,9.2070,0.1982
,2.6230,0.2560,9.3324,0.2018
,2.6650,0.2601,9.4608,0.2037
,2.7170,0.2654,9.5859,0.2096
,2.7390,0.2676,9.7142,0.2123
,2.7900,0.2726,9.8437,0.2178
,2.8290,0.2765,9.9716,0.2198
,2.8560,0.2793,10.0990,0.2225
,2.8900,0.2826,10.2279,0.2265
,2.9600,0.2897,10.3555,0.2320
,2.9870,0.2923,10.4807,0.2342
,3.0100,0.2946,10.6112,0.2362
,3.0490,0.2984,10.7395,0.2410
,3.0730,0.3009,10.8651,0.2445
,3.1020,0.3038,10.9905,0.2476
,3.1390,0.3074,11.1180,0.2510
,3.1900,0.3126,11.2461,0.2539
,3.2020,0.3138,11.3767,0.2547
,3.2600,0.3196,11.5052,0.2588
,3.2870,0.3223,11.6303,0.2608
,3.3370,0.3273,11.7574,0.2667
,3.3980,0.3334,11.8838,0.2703
,3.4420,0.3379,12.0101,0.2749
,3.4590,0.3395,12.1383,0.2764
,3.4920,0.3428,12.2665,0.2791
,3.5580,0.3494,12.3925,0.2852
,3.5810,0.3516,12.5200,0.2870
,3.6190,0.3554,12.6451,0.2903
,3.6460,0.3582,12.7704,0.2928
,3.6940,0.3629,12.8960,0.2988
,3.7230,0.3658,13.0252,0.3030
,3.7570,0.3693,13.1546,0.3069
,3.7910,0.3727,13.2799,0.3105
,3.8340,0.3769,13.4064,0.3151
,3.8750,0.3812,13.5335,0.3185
,3.9260,0.3862,13.6609,0.3229
,3.9420,0.3878,13.7892,0.3235
,3.9940,0.3931,13.9168,0.3264
,4.0080,0.3945,14.0426,0.3276
,4.0870,0.4024,14.1677,0.3344
,4.1110,0.4048,14.2969,0.3376
,4.1460,0.4082,14.4226,0.3408
,4.1810,0.4116,14.5530,0.3435
,4.2340,0.4171,14.6868,0.3491
,4.2930,0.4228,14.8148,0.3554
,4.3020,0.4237,14.9419,0.3561
,4.3550,0.4291,15.0691,0.3591
,4.4240,0.4359,15.1983,0.3671
,4.4470,0.4383,15.3283,0.3707
,4.4860,0.4422,15.4598,0.3734
,4.5020,0.4438,15.5873,0.3743
,4.5650,0.4502,15.7171,0.3789
,4.5880,0.4525,15.8459,0.3802
,4.6180,0.4554,15.9778,0.3836
,4.6310,0.4567,16.1081,0.3858
,4.6630,0.4600,16.2365,0.3899
,4.7490,0.4685,16.3619,0.3976
,4.7980,0.4734,16.4905,0.4013
,4.8240,0.4760,16.6157,0.4040
,4.8650,0.4800,16.7450,0.4082
,4.9160,0.4852,16.8701,0.4138
,4.9520,0.4887,16.9957,0.4177
,4.9800,0.4915,17.1247,0.4202
,5.0180,0.4954,17.2526,0.4242
,5.0450,0.4982,17.3798,0.4272
,5.0780,0.5014,17.5091,0.4305
,5.1590,0.5096,17.6398,0.4402
,5.1720,0.5108,17.7717,0.4408
,5.2010,0.5137,17.8987,0.4431
,5.2830,0.5220,18.0267,0.4452
,5.3070,0.5243,18.1542,0.4468
,5.3570,0.5293,18.2799,0.4487
,5.3940,0.5330,18.4148,0.4499
,5.4070,0.5343,18.5429,0.4503
,5.4340,0.5369,18.6693,0.4513
,5.4820,0.5418,18.7962,0.4566
,5.5520,0.5487,18.9218,0.4638
,5.5910,0.5527,19.0514,0.4661
,5.6120,0.5548,19.1800,0.4676
,5.6770,0.5613,19.3071,0.4714
,5.7040,0.5640,19.4345,0.4746
,5.7210,0.5658,19.5637,0.4771
,5.7880,0.5724,19.6907,0.4813
,5.8090,0.5745,19.8159,0.4820
,5.8730,0.5809,19.9429,0.4884
,5.9010,0.5837,20.0742,0.4899
,5.9130,0.5849,20.2047,0.4903
,5.9770,0.5913,20.3328,0.4968
,6.0290,0.5964,20.4603,0.5026
,6.0540,0.5990,20.5859,0.5055
,6.0890,0.6025,20.7127,0.5082
,6.1710,0.6107,20.8450,0.5116
,6.1930,0.6129,20.9734,0.5138
,6.2400,0.6175,21.1046,0.5184
,6.2580,0.6193,21.2305,0.5205
,6.3110,0.6248,21.3567,0.5235
,6.3560,0.6292,21.4891,0.5267
,6.3790,0.6315,21.6195,0.5272
,6.4010,0.6338,21.7464,0.5284
,6.4680,0.6404,21.8740,0.5326
,6.4840,0.6420,22.0059,0.5341
,6.5450,0.6482,22.1321,0.5406
,6.5870,0.6522,22.2581,0.5444
,6.6290,0.6565,22.3860,0.5475
,6.6630,0.6599,22.5148,0.5496
,6.7460,0.6682,22.6431,0.5596
,6.7950,0.6730,22.7741,0.5633
,6.8120,0.6747,22.9026,0.5653
,6.8280,0.6763,23.0278,0.5679
,6.8940,0.6830,23.1556,0.5780
,6.9130,0.6849,23.2837,0.5808
,6.9670,0.6903,23.4157,0.5858
,7.0100,0.6947,23.5455,0.5911
,7.0650,0.7001,23.6711,0.5956
,7.1210,0.7058,23.8009,0.6002
,7.1370,0.7073,23.9302,0.6014
,7.1950,0.7131,24.0572,0.6072
,7.2380,0.7174,24.1825,0.6095
,7.2850,0.7220,24.3124,0.6125
,7.3380,0.7274,24.4415,0.6180
,7.3590,0.7295,24.5700,0.6209
,7.3890,0.7324,24.6959,0.6240
,7.4240,0.7360,24.8227,0.6263
,7.4970,0.7433,24.9543,0.6294
,7.5560,0.7493,25.0800,0.6330
,7.5720,0.7509,25.2098,0.6338
,7.5970,0.7533,25.3394,0.6354
,7.6100,0.7546,25.4699,0.6365
,7.6650,0.7602,25.5974,0.6412
,7.7510,0.7687,25.7267,0.6509
,7.7680,0.7704,25.8525,0.6525
,7.8010,0.7737,25.9788,0.6576
,7.8620,0.7797,26.1081,0.6614
,7.8880,0.7824,26.2343,0.6637
,7.9670,0.7902,26.3609,0.6708
,7.9980,0.7934,26.4869,0.6733
,8.0240,0.7960,26.6150,0.6748
,8.0490,0.7984,26.7416,0.6772
,8.1230,0.8060,26.8700,0.6861
,8.1450,0.8082,26.9990,0.6892
,8.1680,0.8104,27.1266,0.6909
,8.2350,0.8172,27.2537,0.6972
,8.2690,0.8206,27.3815,0.7029
,8.3270,0.8263,27.5087,0.7086
,8.3920,0.8328,27.6366,0.7166
,8.4160,0.8351,27.7637,0.7183
,8.4470,0.8382,27.8893,0.7208
,8.4780,0.8414,28.0148,0.7235
,8.5040,0.8440,28.1413,0.7274
,8.5910,0.8527,28.2694,0.7394
,8.6300,0.8565,28.3987,0.7433
,8.6650,0.8600,28.5259,0.7445
,8.6960,0.8633,28.6547,0.7447
,8.7650,0.8701,28.7811,0.7514
,8.8280,0.8765,28.9105,0.7574
,8.8460,0.8782,29.0398,0.7596
,8.8940,0.8830,29.1690,0.7666
,8.9110,0.8848,29.2975,0.7682
,8.9350,0.8872,29.4252,0.7697
,8.9730,0.8909,29.5550,0.7725
,9.0560,0.8993,29.6826,0.7785
,9.1070,0.9043,29.8153,0.7847
,9.1330,0.9069,29.9443,0.7871
,9.1540,0.9090,30.0714,0.7895
,9.2250,0.9160,30.1974,0.7983
,9.2790,0.9216,30.3232,0.8029
,9.3440,0.9280,30.4487,0.8117
,9.3760,0.9312,30.5810,0.8143
,9.4060,0.9343,30.7082,0.8164
,9.4420,0.9378,30.8351,0.8202
,9.5010,0.9438,30.9676,0.8246
,9.5220,0.9459,31.0935,0.8271
,9.6190,0.9555,31.2242,0.8361
,9.6540,0.9590,31.3497,0.8402
,9.6940,0.9629,31.4795,0.8425
,9.7090,0.9644,31.6060,0.8431
,9.7480,0.9684,31.7317,0.8447
,9.8060,0.9741,31.8573,0.8490
,9.8430,0.9779,31.9840,0.8525
,9.9010,0.9837,32.1144,0.8593
,9.9520,0.9889,32.2410,0.8637
,9.9940,0.9930,32.3679,0.8668
,10.0390,0.9975,32.4937,0.8700
,10.1010,1.0038,32.6204,0.8748
,10.1210,1.0057,32.7475,0.8759
,10.1800,1.0116,32.8744,0.8822
,10.1940,1.0130,33.0053,0.8840
,10.2620,1.0197,33.1388,0.8919
,10.3010,1.0237,33.2645,0.8981
,10.3710,1.0306,33.3900,0.9021
,10.3940,1.0329,33.5194,0.9043
,10.4180,1.0354,33.6463,0.9082
,10.4560,1.0392,33.7738,0.9134
,10.5180,1.0454,33.9052,0.9205
,10.5310,1.0468,34.0356,0.9220
,10.6280,1.0564,34.1633,0.9284
,10.6430,1.0580,34.2928,0.9285
,10.6730,1.0610,34.4180,0.9308
,10.7580,1.0695,34.5443,0.9409
,10.8070,1.0742,34.6732,0.9444
,10.8340,1.0769,34.7988,0.9494
,10.8690,1.0805,34.9277,0.9542
,10.9580,1.0893,35.0527,0.9577
,11.0090,1.0945,35.1788,0.9631
,11.0480,1.0983,35.3088,0.9659
,11.0790,1.1014,35.4346,0.9677
,11.1240,1.1061,35.5652,0.9740
,11.1800,1.1116,35.6915,0.9792
,11.2050,1.1141,35.8178,0.9812
,11.2490,1.1186,35.9448,0.9851
,11.2730,1.1209,36.0704,0.9874
,11.3330,1.1270,36.2027,0.9944
,11.4080,1.1343,36.3280,1.0019
,11.4300,1.1365,36.4605,1.0037
,11.4720,1.1408,36.5881,1.0068
,11.5450,1.1480,36.7138,1.0127
,11.5820,1.1518,36.8394,1.0167
,11.5970,1.1533,36.9705,1.0173
,11.6830,1.1619,37.0955,1.0235
,11.7150,1.1651,37.2241,1.0267
,11.7790,1.1715,37.3525,1.0325
,11.8090,1.1746,37.4828,1.0355
,11.8400,1.1776,37.6103,1.0381
,11.8920,1.1828,37.7374,1.0456
,11.9600,1.1896,37.8695,1.0531
,11.9840,1.1920,37.9958,1.0567
,12.0760,1.2011,38.1228,1.0682
,12.1150,1.2050,38.2520,1.0719
,12.1660,1.2102,38.3801,1.0742
,12.1830,1.2118,38.5101,1.0760
,12.1990,1.2134,38.6363,1.0781
,12.2790,1.2215,38.7627,1.0854
,12.3140,1.2250,38.8953,1.0888
,12.3620,1.2299,39.0260,1.0909
,12.4310,1.2367,39.1536,1.0949
,12.4780,1.2415,39.2812,1.1003
,12.4970,1.2434,39.4068,1.1026
,12.5470,1.2483,39.5390,1.1082
,12.6040,1.2540,39.6700,1.1148
,12.6270,1.2563,39.7951,1.1172
,12.7210,1.2657,39.9208,1.1335
,12.7600,1.2695,40.0485,1.1382
,12.7910,1.2726,40.1750,1.1415
,12.8090,1.2744,40.3062,1.1429
,12.9040,1.2840,40.4339,1.1513
,12.9230,1.2859,40.5688,1.1534
,12.9690,1.2906,40.6943,1.1576
,13.0210,1.2957,40.8200,1.1620
,13.1140,1.3050,40.9514,1.1696
,13.1460,1.3082,41.0787,1.1724
,13.1790,1.3116,41.2039,1.1762
,13.1950,1.3132,41.3326,1.1781
,13.2790,1.3215,41.4594,1.1846
,13.3170,1.3253,41.5845,1.1878
,13.3400,1.3275,41.7098,1.1884
,13.4190,1.3355,41.8402,1.1971
,13.4450,1.3380,41.9662,1.1997
,13.5360,1.3473,42.0966,1.2058
,13.5520,1.3489,42.2264,1.2073
,13.6140,1.3551,42.3516,1.2148
,13.6580,1.3595,42.4767,1.2192
,13.6970,1.3633,42.6022,1.2220
,13.7360,1.3673,42.7299,1.2247
,13.8450,1.3780,42.8601,1.2370
,13.8670,1.3803,42.9894,1.2406
,13.8890,1.3825,43.1151,1.2434
,13.9410,1.3876,43.2425,1.2489
,13.9700,1.3906,43.3712,1.2513
,14.0890,1.4025,43.5035,1.2608
,14.1050,1.4042,43.6352,1.2620
,14.1410,1.4077,43.7626,1.2654
,14.2170,1.4154,43.8879,1.2749
,14.2600,1.4196,44.0143,1.2784
,14.3060,1.4242,44.1405,1.2813
,14.3280,1.4265,44.2690,1.2810
,14.3620,1.4298,44.3947,1.2828
,14.4320,1.4368,44.5217,1.2879
,14.4980,1.4433,44.6496,1.2971
,14.5460,1.4481,44.7776,1.3014
,14.5600,1.4496,44.9148,1.3027
,14.6790,1.4615,45.0417,1.3147
,14.7050,1.4641,45.1717,1.3150
,14.7680,1.4704,45.2975,1.3201
,14.8010,1.4738,45.4273,1.3226
,14.8540,1.4790,45.5560,1.3262
,14.9220,1.4859,45.6889,1.3309
,14.9390,1.4876,45.8176,1.3328
,14.9720,1.4908,45.9435,1.3369
,15.0630,1.4999,46.0734,1.3448
,15.1140,1.5050,46.2019,1.3494
,15.1410,1.5077,46.3281,1.3536
,15.1920,1.5127,46.4563,1.3568
,15.2220,1.5157,46.5843,1.3600
,15.3200,1.5256,46.7115,1.3704
,15.3410,1.5277,46.8440,1.3718
,15.3990,1.5335,46.9717,1.3744
,15.4490,1.5385,47.0995,1.3799
,15.5280,1.5464,47.2316,1.3885
,15.5650,1.5501,47.3594,1.3923
,15.5820,1.5519,47.4866,1.3940
,15.6850,1.5621,47.6125,1.4041
,15.7170,1.5653,47.7424,1.4066
,15.7650,1.5700,47.8691,1.4118
,15.8000,1.5736,47.9970,1.4144
,15.8520,1.5788,48.1248,1.4188
,15.9520,1.5889,48.2546,1.4242
,16.0030,1.5939,48.3836,1.4272
,16.0280,1.5964,48.5090,1.4281
,16.0710,1.6008,48.6360,1.4349
,16.0900,1.6026,48.7668,1.4363
,16.1530,1.6090,48.8930,1.4417
,16.1720,1.6109,49.0183,1.4442
,16.2820,1.6218,49.1453,1.4562
,16.3050,1.6241,49.2745,1.4589
,16.3910,1.6327,49.4027,1.4694
,16.4050,1.6341,49.5289,1.4712
,16.4660,1.6401,49.6600,1.4777
,16.5220,1.6459,49.7884,1.4829
,16.5390,1.6475,49.9152,1.4849
,16.6280,1.6565,50.0419,1.4948
,16.6500,1.6587,50.1678,1.4972
,16.7280,1.6665,50.2948,1.5084
,16.7730,1.6709,50.4205,1.5150
,16.8320,1.6768,50.5476,1.5189
,16.8860,1.6822,50.6769,1.5252
,16.9190,1.6854,50.8051,1.5290
,16.9350,1.6870,50.9310,1.5310
,17.0450,1.6980,51.0568,1.5437
,17.1150,1.7051,51.1836,1.5521
,17.1550,1.7091,51.3094,1.5551
,17.2000,1.7137,51.4374,1.5575
,17.2570,1.7193,51.5632,1.5650
,17.3050,1.7242,51.6906,1.5709
,17.3210,1.7258,51.8215,1.5729
,17.3890,1.7325,51.9471,1.5807
,17.4690,1.7405,52.0751,1.5882
,17.5030,1.7438,52.2016,1.5922
,17.5480,1.7484,52.3281,1.5973
,17.6200,1.7555,52.4590,1.6058
,17.6840,1.7620,52.5846,1.6143
,17.7370,1.7673,52.7139,1.6184
,17.7780,1.7715,52.8432,1.6228
,17.8090,1.7745,52.9709,1.6255
,17.9410,1.7877,53.0973,1.6379
,17.9630,1.7899,53.2247,1.6407
,18.0170,1.7954,53.3508,1.6440
,18.0440,1.7979,53.4771,1.6455
,18.0840,1.8019,53.6105,1.6497
,18.1720,1.8107,53.7382,1.6617
,18.2080,1.8144,53.8672,1.6658
,18.2610,1.8196,53.9944,1.6688
,18.3090,1.8244,54.1204,1.6746
,18.3690,1.8305,54.2466,1.6797
,18.4210,1.8357,54.3727,1.6846
,18.5000,1.8436,54.4985,1.6915
,18.5360,1.8472,54.6260,1.6954
,18.5710,1.8508,54.7591,1.7007
,18.5970,1.8534,54.8890,1.7023
,18.6990,1.8635,55.0159,1.7067
,18.7510,1.8686,55.1454,1.7102
,18.8050,1.8741,55.2712,1.7137
,18.8310,1.8767,55.4053,1.7166
,18.8860,1.8821,55.5319,1.7247
,18.9350,1.8872,55.6584,1.7282
,19.0060,1.8942,55.7849,1.7311
,19.0490,1.8986,55.9146,1.7349
,19.1110,1.9047,56.0411,1.7393
,19.1500,1.9087,56.1665,1.7434
,19.2590,1.9195,56.2970,1.7523
,19.3070,1.9243,56.4247,1.7554
,19.3490,1.9285,56.5520,1.7583
,19.3980,1.9334,56.6778,1.7644
,19.4400,1.9375,56.8067,1.7685
,19.5230,1.9459,56.9338,1.7787
,19.5760,1.9512,57.0626,1.7817
,19.6430,1.9579,57.1915,1.7836
,19.6580,1.9594,57.3173,1.7843
,19.7050,1.9641,57.4429,1.7864
,19.7580,1.9694,57.5684,1.7882
,19.8460,1.9782,57.6967,1.7969
,19.9110,1.9846,57.8251,1.8010
,19.9480,1.9884,57.9502,1.8054
,19.9670,1.9903,58.0765,1.8075
,20.0780,2.0014,58.2091,1.8180
,20.1330,2.0068,58.3354,1.8264
,20.1900,2.0127,58.4613,1.8345
,20.2770,2.0213,58.5888,1.8419
,20.3470,2.0283,58.7244,1.8479
,20.3620,2.0298,58.8533,1.8492
,20.3840,2.0320,58.9787,1.8520
,20.4320,2.0368,59.1041,1.8600
,20.5000,2.0435,59.2343,1.8663
,20.5920,2.0527,59.3601,1.8809
,20.6170,2.0552,59.4857,1.8842
,20.6670,2.0603,59.6125,1.8896
,20.7080,2.0643,59.7403,1.8919
,20.8070,2.0743,59.8722,1.9022
,20.8250,2.0761,60.0020,1.9038
,20.8550,2.0792,60.1283,1.9081
,20.9320,2.0868,60.2565,1.9170
,21.0340,2.0970,60.3824,1.9231
,21.0760,2.1011,60.5083,1.9269
,21.1030,2.1039,60.6340,1.9302
,21.2240,2.1160,60.7601,1.9437
,21.2610,2.1196,60.8906,1.9491
,21.3120,2.1248,61.0186,1.9541
,21.3600,2.1296,61.1487,1.9580
,21.4750,2.1411,61.2780,1.9685
,21.4930,2.1429,61.4054,1.9693
,21.5570,2.1494,61.5317,1.9721
,21.5800,2.1517,61.6567,1.9732
,21.6600,2.1596,61.7824,1.9801
,21.6930,2.1629,61.9088,1.9823
,21.8060,2.1742,62.0371,1.9946
,21.8250,2.1760,62.1624,1.9956
,21.8930,2.1829,62.2895,2.0005
,21.9570,2.1893,62.4155,2.0054
,22.0320,2.1969,62.5420,2.0105
,22.0740,2.2010,62.6687,2.0166
,22.1260,2.2063,62.7981,2.0205
,22.1780,2.2114,62.9297,2.0248
,22.2340,2.2171,63.0577,2.0306
,22.2850,2.2221,63.1894,2.0354
,22.3540,2.2290,63.3159,2.0415
,22.3720,2.2308,63.4425,2.0429
,22.4410,2.2376,63.5694,2.0503
,22.5450,2.2481,63.6977,2.0555
,22.6310,2.2567,63.8247,2.0592
,22.6630,2.2599,63.9501,2.0613
,22.7290,2.2666,64.0760,2.0680
,22.7590,2.2695,64.2021,2.0692
,22.8390,2.2776,64.3333,2.0760
,22.8550,2.2791,64.4602,2.0771
,22.9370,2.2873,64.5882,2.0846
,22.9690,2.2905,64.7162,2.0875
,23.0390,2.2975,64.8416,2.0933
,23.0780,2.3014,64.9682,2.0974
,23.1580,2.3095,65.0979,2.1045
,23.2730,2.3210,65.2263,2.1184
,23.3070,2.3244,65.3578,2.1230
,23.3780,2.3315,65.4913,2.1298
,23.3990,2.3336,65.6174,2.1314
,23.5290,2.3466,65.7478,2.1491
,23.5940,2.3530,65.8739,2.1566
,23.6190,2.3555,66.0019,2.1587
,23.6740,2.3609,66.1281,2.1603
,23.7200,2.3655,66.2540,2.1660
,23.7350,2.3671,66.3807,2.1671
,23.8430,2.3780,66.5103,2.1732
,23.9160,2.3852,66.6426,2.1812
,23.9660,2.3903,66.7723,2.1859
,24.0760,2.4012,66.9012,2.1991
,24.0950,2.4031,67.0276,2.2009
,24.1620,2.4097,67.1528,2.2039
,24.2100,2.4146,67.2800,2.2064
,24.2560,2.4191,67.4065,2.2111
,24.2980,2.4234,67.5339,2.2178
,24.4010,2.4337,67.6608,2.2283
,24.4810,2.4417,67.7911,2.2377
,24.5540,2.4491,67.9223,2.2473
,24.5730,2.4510,68.0486,2.2477
,24.6470,2.4583,68.1750,2.2548
,24.6980,2.4633,68.3007,2.2595
,24.7870,2.4723,68.4282,2.2637
,24.8670,2.4803,68.5581,2.2727
,24.9120,2.4848,68.6873,2.2796
,24.9240,2.4859,68.8206,2.2813
,25.0100,2.4947,68.9464,2.2925
,25.0500,2.4986,69.0768,2.2943
,25.1370,2.5074,69.2033,2.3027
,25.1680,2.5104,69.3288,2.3043
,25.2660,2.5202,69.4553,2.3158
,25.3070,2.5242,69.5803,2.3197
,25.3940,2.5329,69.7081,2.3260
,25.4250,2.5360,69.8332,2.3284
,25.5740,2.5511,69.9594,2.3413
,25.5960,2.5533,70.0869,2.3422
,25.6140,2.5550,70.2136,2.3432
,25.7110,2.5648,70.3404,2.3500
,25.7600,2.5696,70.4674,2.3547
,25.8640,2.5799,70.5958,2.3635
,25.9090,2.5845,70.7211,2.3690
,25.9880,2.5923,70.8475,2.3772
,26.0000,2.5935,70.9747,2.3786
,26.1080,2.6043,71.1008,2.3921
,26.1560,2.6093,71.2277,2.3975
,26.2310,2.6167,71.3528,2.4007
,26.2830,2.6220,71.4802,2.4056
,26.3250,2.6261,71.6094,2.4112
,26.4290,2.6365,71.7368,2.4227
,26.4600,2.6396,71.8654,2.4251
,26.5230,2.6459,71.9913,2.4311
,26.5860,2.6522,72.1168,2.4373
,26.6580,2.6593,72.2434,2.4421
,26.7550,2.6691,72.3719,2.4533
,26.8070,2.6743,72.4979,2.4589
,26.8610,2.6798,72.6267,2.4630
,26.9300,2.6866,72.7517,2.4700
,26.9720,2.6909,72.8825,2.4731
,27.0470,2.6983,73.0081,2.4817
,27.1330,2.7068,73.1371,2.4882
,27.2170,2.7153,73.2657,2.4956
,27.2910,2.7227,73.3911,2.5024
,27.3620,2.7297,73.5207,2.5104
,27.3970,2.7333,73.6460,2.5144
,27.4390,2.7375,73.7710,2.5190
,27.5390,2.7476,73.9031,2.5268
,27.6410,2.7578,74.0353,2.5374
,27.6700,2.7606,74.1622,2.5388
,27.7750,2.7711,74.2891,2.5441
,27.7990,2.7734,74.4147,2.5457
,27.8850,2.7821,74.5405,2.5531
,27.9620,2.7898,74.6727,2.5609
,27.9770,2.7914,74.8014,2.5622
,28.1040,2.8041,74.9285,2.5734
,28.1280,2.8065,75.0554,2.5749
,28.1820,2.8118,75.1813,2.5776
,28.2870,2.8222,75.3096,2.5871
,28.4080,2.8343,75.4387,2.5937
,28.4270,2.8363,75.5662,2.5959
,28.5100,2.8445,75.6945,2.6006
,28.5850,2.8522,75.8206,2.6051
,28.6360,2.8572,75.9512,2.6081
,28.6810,2.8618,76.0773,2.6124
,28.7650,2.8701,76.2041,2.6217
,28.8440,2.8780,76.3345,2.6309
,28.8750,2.8811,76.4597,2.6336
,28.9410,2.8877,76.5872,2.6385
,29.0170,2.8953,76.7132,2.6453
,29.0550,2.8990,76.8405,2.6486
,29.1510,2.9087,76.9658,2.6577
,29.2440,2.9181,77.0923,2.6700
,29.2610,2.9198,77.2218,2.6720
,29.4180,2.9354,77.3473,2.6904
,29.4530,2.9389,77.4749,2.6926
,29.4900,2.9427,77.6016,2.6965
,29.6140,2.9550,77.7291,2.7067
,29.6330,2.9568,77.8597,2.7097
,29.7560,2.9692,77.9881,2.7253
,29.7740,2.9710,78.1164,2.7276
,29.8690,2.9805,78.2438,2.7421
,29.9830,2.9919,78.3697,2.7550
,30.0120,2.9948,78.4969,2.7584
,30.0800,3.0016,78.6240,2.7669
,30.1750,3.0111,78.7530,2.7808
,30.2120,3.0147,78.8829,2.7856
,30.3180,3.0254,79.0163,2.7963
,30.3940,3.0331,79.1474,2.8016
,30.4910,3.0427,79.2761,2.8105
,30.5110,3.0448,79.4016,2.8122
,30.5650,3.0501,79.5272,2.8177
,30.6400,3.0576,79.6527,2.8246
,30.7580,3.0694,79.7784,2.8317
,30.7760,3.0712,79.9112,2.8329
,30.8760,3.0812,80.0440,2.8433
,30.9370,3.0872,80.1724,2.8483
,31.0490,3.0985,80.3025,2.8562
,31.0660,3.1002,80.4317,2.8579
,31.2110,3.1148,80.5567,2.8650
,31.2760,3.1212,80.6823,2.8710
,31.3600,3.1296,80.8130,2.8783
,31.3750,3.1310,80.9424,2.8793
,31.5010,3.1436,81.0678,2.8862
,31.5150,3.1450,81.1992,2.8868
,31.5830,3.1519,81.3244,2.8876
,31.6420,3.1579,81.4498,2.8944
,31.7640,3.1701,81.5775,2.9070
,31.8420,3.1778,81.7055,2.9082
,31.9090,3.1845,81.8314,2.9137
,31.9940,3.1930,81.9578,2.9211
,32.0210,3.1957,82.0904,2.9235
,32.0570,3.1992,81.9612,2.9267
,32.0980,3.2033,82.0906,2.9304
,32.1470,3.2083,82.2189,2.9334
,32.2130,3.2149,82.3464,2.9393
,32.2740,3.2210,82.4739,2.9463
,32.3840,3.2321,82.5995,2.9558
,32.4720,3.2409,82.7272,2.9691
,32.5360,3.2471,82.8544,2.9763
,32.5930,3.2529,82.9796,2.9814
,32.6660,3.2601,83.1089,2.9879
,32.7610,3.2696,83.2354,2.9980
,32.8750,3.2811,83.3607,3.0123
,32.8970,3.2833,83.4859,3.0159
,32.9940,3.2930,83.6153,3.0269
,33.0360,3.2973,83.7413,3.0315
,33.1560,3.3092,83.8703,3.0470
,33.2720,3.3208,83.9969,3.0624
,33.2930,3.3229,84.1252,3.0642
,33.3530,3.3288,84.2513,3.0694
,33.4610,3.3397,84.3830,3.0797
,33.5260,3.3463,84.5119,3.0862
,33.5480,3.3484,84.6373,3.0899
,33.6740,3.3610,84.7659,3.1032
,33.7940,3.3729,84.8926,3.1172
,33.8380,3.3774,85.0190,3.1213
,33.9270,3.3862,85.1441,3.1317
,34.0320,3.3968,85.2715,3.1414
,34.1110,3.4047,85.4014,3.1475
,34.1720,3.4108,85.5320,3.1497
,34.2390,3.4175,85.6628,3.1514
,34.3470,3.4282,85.7895,3.1600
,34.4060,3.4342,85.9181,3.1661
,34.4480,3.4383,86.0448,3.1712
,34.5760,3.4511,86.1728,3.1810
,34.6430,3.4580,86.3016,3.1904
,34.7870,3.4724,86.4278,3.1977
,34.8190,3.4755,86.5535,3.1976
,34.9170,3.4852,86.6848,3.2034
,34.9400,3.4875,86.8178,3.2057
,35.0300,3.4965,86.9432,3.2120
,35.1550,3.5090,87.0719,3.2253
,35.2170,3.5154,87.1987,3.2311
,35.2830,3.5219,87.3243,3.2363
,35.3720,3.5308,87.4512,3.2479
,35.4430,3.5380,87.5765,3.2506
,35.5250,3.5460,87.7035,3.2600
,35.6190,3.5555,87.8310,3.2696
,35.7110,3.5646,87.9589,3.2747
,35.8290,3.5765,88.0862,3.2883
,35.8650,3.5801,88.2172,3.2916
,35.9020,3.5839,88.3451,3.2951
,36.0240,3.5961,88.4737,3.3088
,36.0990,3.6034,88.6005,3.3191
,36.1340,3.6070,88.7284,3.3244
,36.3230,3.6258,88.8602,3.3414
,36.3400,3.6275,88.9859,3.3422
,36.4440,3.6380,89.1140,3.3546
,36.5990,3.6536,89.2392,3.3709
,36.6300,3.6567,89.3722,3.3715
,36.7350,3.6671,89.5008,3.3864
,36.7580,3.6693,89.6324,3.3893
,36.7840,3.6719,89.5006,3.3920
,36.8530,3.6789,89.6297,3.3992
,36.8900,3.6825,89.7564,3.4021
,36.9990,3.6934,89.8839,3.4148
,37.0730,3.7010,90.0089,3.4184
,37.1770,3.7114,90.1352,3.4272
,37.1930,3.7130,90.2649,3.4295
,37.2600,3.7197,90.3906,3.4331
,37.3900,3.7326,90.5166,3.4433
,37.4780,3.7413,90.6423,3.4507
,37.5710,3.7506,90.7678,3.4586
,37.5900,3.7525,90.8944,3.4605
,37.6100,3.7546,90.7676,3.4611
,37.6480,3.7585,90.8941,3.4626
,37.7840,3.7720,91.0217,3.4753
,37.8050,3.7741,91.1520,3.4784
,37.8730,3.7810,91.0212,3.4851
,37.8990,3.7835,91.1480,3.4876
,37.9300,3.7865,91.2758,3.4900
,38.0140,3.7950,91.4032,3.4968
,38.0620,3.7998,91.5300,3.5019
,38.1860,3.8122,91.6568,3.5166
,38.2570,3.8193,91.7861,3.5221
,38.3610,3.8297,91.9134,3.5318
,38.4120,3.8348,92.0408,3.5353
,38.5120,3.8448,92.1692,3.5439
,38.5830,3.8519,92.2983,3.5545
,38.6680,3.8604,92.4286,3.5612
,38.8330,3.8769,92.5595,3.5816
,38.8700,3.8806,92.6868,3.5878
,38.9880,3.8924,92.8120,3.5977
,39.0100,3.8947,92.9376,3.6007
,39.1570,3.9093,93.0650,3.6152
,39.2630,3.9199,93.1916,3.6297
,39.2770,3.9212,93.3223,3.6311
,39.3980,3.9333,93.4473,3.6467
,39.5010,3.9437,93.5739,3.6575
,39.6190,3.9555,93.7026,3.6670
,39.6550,3.9591,93.8286,3.6718
,39.8010,3.9737,93.9560,3.6836
,39.8870,3.9822,94.0863,3.6874
,39.9630,3.9898,94.2124,3.6935
,40.1200,4.0056,94.3386,3.7049
,40.1900,4.0126,94.4726,3.7100
,40.2640,4.0201,94.6003,3.7160
,40.3030,4.0239,94.7253,3.7193
,40.4240,4.0360,94.8522,3.7244
,40.5360,4.0471,94.9791,3.7306
,40.5690,4.0504,95.1060,3.7330
,40.7570,4.0694,95.2323,3.7456
,40.8040,4.0740,95.3602,3.7457
,40.9400,4.0876,95.4860,3.7600
,40.9660,4.0902,95.6135,3.7617
,41.0700,4.1006,95.7430,3.7671
,41.1430,4.1078,95.8703,3.7753
,41.3000,4.1237,95.9962,3.7903
,41.3610,4.1297,96.1239,3.7958
,41.4400,4.1377,96.2562,3.8018
,41.5770,4.1513,96.3820,3.8190
,41.6680,4.1604,96.5086,3.8282
,41.7850,4.1721,96.6342,3.8384
,41.8350,4.1771,96.7624,3.8465
,41.9910,4.1928,96.8887,3.8663
,42.0310,4.1967,97.0171,3.8710
,42.1320,4.2068,97.1447,3.8851
,42.3150,4.2250,97.2745,3.9095
,42.3680,4.2304,97.4004,3.9183
,42.4240,4.2360,97.5270,3.9237
,42.5090,4.2445,97.6539,3.9319
,42.5750,4.2512,97.7822,3.9414
,42.7180,4.2654,97.9086,3.9550
,42.8070,4.2743,98.0410,3.9644
,42.8860,4.2822,98.1671,3.9678
,43.0230,4.2959,98.2944,3.9820
,43.1330,4.3070,98.4225,3.9952
,43.2100,4.3146,98.5477,3.9989
,43.3370,4.3273,98.6777,4.0050
,43.4310,4.3366,98.8053,4.0108
,43.5080,4.3444,98.9310,4.0163
,43.6030,4.3539,99.0609,4.0217
,43.7510,4.3687,99.1884,4.0320
,43.8900,4.3826,99.3147,4.0377
,43.9670,4.3903,99.4402,4.0408
,44.0880,4.4024,99.5677,4.0514
,44.1260,4.4061,99.6967,4.0517
,44.2020,4.4138,99.8278,4.0574
,44.3380,4.4274,99.9550,4.0661
,44.4060,4.4343,100.0818,4.0720
,44.5830,4.4518,100.2087,4.0922
,44.6140,4.4550,100.3426,4.0963
,44.7740,4.4710,100.4685,4.1060
,44.8580,4.4795,100.5969,4.1145
,44.9400,4.4876,100.7238,4.1261
,45.0360,4.4972,100.8524,4.1369
,45.0790,4.5016,100.7265,4.1423
,45.1250,4.5061,100.8548,4.1493
,45.1780,4.5113,100.9826,4.1577
,45.3080,4.5244,101.1087,4.1735
,45.3410,4.5277,101.2343,4.1788
,45.4740,4.5410,101.3604,4.1991
,45.5240,4.5460,101.4860,4.2060
,45.7070,4.5643,101.6152,4.2302
,45.7680,4.5704,101.7407,4.2364
,45.9060,4.5842,101.8690,4.2529
,45.9730,4.5908,101.9950,4.2609
,46.0540,4.5990,102.1203,4.2725
,46.2570,4.6194,102.2466,4.2953
,46.3350,4.6271,102.3718,4.3007
,46.4930,4.6429,102.4979,4.3174
,46.5450,4.6480,102.6236,4.3211
,46.6220,4.6557,102.7488,4.3253
,46.7660,4.6701,102.8749,4.3336
,46.8000,4.6736,103.0027,4.3356
,46.8970,4.6833,103.1327,4.3429
,47.0560,4.6992,103.2607,4.3484
,47.2450,4.7181,103.3866,4.3642
,47.3150,4.7251,103.5124,4.3714
,47.4230,4.7359,103.6385,4.3808
,47.5330,4.7469,103.7647,4.3935
,47.6010,4.7536,103.8916,4.3982
,47.7720,4.7707,104.0187,4.4190
,47.8000,4.7735,104.1444,4.4219
,47.8880,4.7824,104.2707,4.4290
,48.0270,4.7963,104.3974,4.4428
,48.1270,4.8063,104.5253,4.4542
,48.2320,4.8167,104.6524,4.4682
,48.3600,4.8295,104.7807,4.4778
,48.5100,4.8446,104.9104,4.4964
,48.6600,4.8597,105.0368,4.5198
,48.7230,4.8659,105.1656,4.5253
,48.7670,4.8703,105.2958,4.5308
,48.9750,4.8911,105.4214,4.5543
,49.0900,4.9026,105.5502,4.5657
,49.1810,4.9117,105.6765,4.5791
,49.2970,4.9233,105.8050,4.5954
,49.4200,4.9355,105.9310,4.6076
,49.5390,4.9474,106.0621,4.6195
,49.6700,4.9606,106.1898,4.6321
,49.7850,4.9722,106.3166,4.6333
,49.8450,4.9781,106.4432,4.6376
,50.0590,4.9995,106.5695,4.6623
,50.0880,5.0023,106.7002,4.6643
,50.1660,5.0102,106.8286,4.6695
,50.2910,5.0227,106.9546,4.6789
,50.4510,5.0387,107.0809,4.6878
,50.6260,5.0562,107.2123,4.7106
,50.6410,5.0577,107.3397,4.7121
,50.7820,5.0717,107.4659,4.7250
,50.9000,5.0836,107.5927,4.7397
,51.0100,5.0946,107.7189,4.7507
,51.1190,5.1055,107.8463,4.7630
,51.1970,5.1133,107.9766,4.7718
,51.3890,5.1325,108.1040,4.7977
,51.5270,5.1464,108.2311,4.8122
,51.6750,5.1611,108.3565,4.8347
,51.7210,5.1657,108.4815,4.8418
,51.8850,5.1821,108.6085,4.8598
,51.9640,5.1900,108.7354,4.8680
,52.1260,5.2062,108.8607,4.8852
,52.1890,5.2125,108.9889,4.8932
,52.3960,5.2331,109.1153,4.9082
,52.4830,5.2419,109.2407,4.9133
,52.5980,5.2533,109.3666,4.9231
,52.6650,5.2602,109.4921,4.9284
,52.9290,5.2866,109.6184,4.9427
,52.9940,5.2930,109.7441,4.9443
,53.0870,5.3022,109.8714,4.9513
,53.1630,5.3098,109.9988,4.9554
,53.3670,5.3304,110.1264,4.9751
,53.5020,5.3439,110.2539,4.9845
,53.5960,5.3532,110.3829,4.9935
,53.6840,5.3620,110.5096,4.9984
,53.8830,5.3819,110.6400,5.0168
,53.9040,5.3840,110.7660,5.0203
,54.0210,5.3957,110.8920,5.0340
,54.2250,5.4160,111.0179,5.0617
,54.2560,5.4192,111.1458,5.0652
,54.4570,5.4392,111.2711,5.0867
,54.6030,5.4539,111.3991,5.1042
,54.6620,5.4598,111.5272,5.1117
,54.7720,5.4708,111.6523,5.1292
,54.9570,5.4893,111.7821,5.1500
,55.1240,5.5060,111.9077,5.1740
,55.1640,5.5100,112.0366,5.1805
,55.2150,5.5152,111.9075,5.1848
,55.2430,5.5179,112.0347,5.1879
,55.3040,5.5241,112.1664,5.1936
,55.4180,5.5354,112.2924,5.2063
,55.6480,5.5584,112.4182,5.2243
,55.7400,5.5676,112.5439,5.2320
,55.8360,5.5772,112.6743,5.2366
,55.9920,5.5929,112.8074,5.2503
,56.1070,5.6043,112.9380,5.2588
,56.1990,5.6134,113.0638,5.2656
,56.4030,5.6339,113.1897,5.2740
,56.5110,5.6447,113.3147,5.2799
,56.6630,5.6598,113.4412,5.2914
,56.7850,5.6720,113.5665,5.3010
,56.9090,5.6846,113.6988,5.3099
,56.9770,5.6913,113.8250,5.3160
,57.2240,5.7159,113.9557,5.3468
,57.2450,5.7180,114.0819,5.3488
,57.4510,5.7386,114.2089,5.3755
,57.5520,5.7488,114.3340,5.3861
,57.7530,5.7689,114.4607,5.4149
,57.8630,5.7799,114.5860,5.4284
,57.9080,5.7843,114.7115,5.4319
,58.0980,5.8034,114.8391,5.4587
,58.2440,5.8180,114.9663,5.4746
,58.3800,5.8316,115.0934,5.4874
,58.5540,5.8489,115.2224,5.5028
,58.6670,5.8603,115.3552,5.5119
,58.8480,5.8784,115.4856,5.5332
,58.9880,5.8925,115.6140,5.5451
,59.0080,5.8944,115.7441,5.5474
,59.0350,5.8970,115.6171,5.5498
,59.1170,5.9053,115.7444,5.5580
,59.2430,5.9178,115.8701,5.5685
,59.3310,5.9268,115.9961,5.5753
,59.4890,5.9425,116.1239,5.5822
,59.6850,5.9621,116.2504,5.6008
,59.7810,5.9717,116.3769,5.6114
,59.8730,5.9808,116.5062,5.6197
,59.9820,5.9918,116.6357,5.6308
,60.2710,6.0207,116.7631,5.6648
,60.3490,6.0285,116.8902,5.6719
,60.5250,6.0461,117.0174,5.6977
,60.6550,6.0591,117.1425,5.7098
,60.8380,6.0774,117.2679,5.7279
,60.9120,6.0847,117.3978,5.7360
,61.0610,6.0997,117.5241,5.7491
,61.1990,6.1135,117.6521,5.7632
,61.3510,6.1287,117.7794,5.7827
,61.5340,6.1470,117.9057,5.8038
,61.6040,6.1540,118.0348,5.8128
,61.7800,6.1716,118.1610,5.8266
,61.9560,6.1893,118.2897,5.8399
,62.0110,6.1947,118.4189,5.8442
,62.2190,6.2155,118.5467,5.8652
,62.4190,6.2356,118.6760,5.8847
,62.5730,6.2509,118.8067,5.9052
,62.6380,6.2574,118.9324,5.9120
,62.7060,6.2641,118.8055,5.9196
,62.7340,6.2669,118.9316,5.9231
,62.7810,6.2717,119.0601,5.9281
,63.0040,6.2941,119.1859,5.9522
,63.1870,6.3123,119.3118,5.9749
,63.2330,6.3170,119.4387,5.9812
,63.4180,6.3353,119.5645,6.0029
,63.5900,6.3527,119.6968,6.0251
,63.7890,6.3726,119.8234,6.0475
,63.8980,6.3834,119.9529,6.0621
,64.0720,6.4007,120.0785,6.0803
,64.1030,6.4038,120.2068,6.0831
,64.3240,6.4260,120.3320,6.1099
,64.4350,6.4370,120.4593,6.1219
,64.5950,6.4531,120.5873,6.1402
,64.7870,6.4723,120.7129,6.1541
,64.9750,6.4912,120.8423,6.1673
,65.0990,6.5035,120.9677,6.1745
,65.2540,6.5189,121.0941,6.1871
,65.3560,6.5292,121.2244,6.2008
,65.5390,6.5476,121.3527,6.2160
,65.7440,6.5680,121.4804,6.2412
,65.9010,6.5837,121.6062,6.2550
,66.1300,6.6067,121.7314,6.2778
,66.2680,6.6203,121.8613,6.2897
,66.4000,6.6335,121.9967,6.3068
,66.5710,6.6508,122.1245,6.3303
,66.5900,6.6526,122.2529,6.3329
,66.9120,6.6848,122.3823,6.3714
,66.9860,6.6922,122.5107,6.3808
,67.1660,6.7102,122.6372,6.4072
,67.2390,6.7176,122.7625,6.4161
,67.5270,6.7463,122.8895,6.4463
,67.6460,6.7581,123.0155,6.4538
,67.7770,6.7713,123.1406,6.4654
,67.9460,6.7883,123.2663,6.4804
,68.1080,6.8043,123.3915,6.4949
,68.2010,6.8136,123.5187,6.5012
,68.3190,6.8254,123.6437,6.5142
,68.3590,6.8295,123.5151,6.5175
,68.4230,6.8359,123.6467,6.5222
,68.5750,6.8511,123.7747,6.5292
,68.7450,6.8681,123.9034,6.5444
,68.9420,6.8878,124.0315,6.5585
,69.1310,6.9067,124.1567,6.5751
,69.2270,6.9164,124.2849,6.5848
,69.4750,6.9410,124.4102,6.6110
,69.5970,6.9533,124.5372,6.6250
,69.7600,6.9697,124.6662,6.6454
,69.9400,6.9875,124.7930,6.6666
,70.1190,7.0055,124.9196,6.6913
,70.3200,7.0256,125.0452,6.7242
,70.5390,7.0474,125.1732,6.7443
,70.6030,7.0539,125.2983,6.7465
,70.8570,7.0793,125.4263,6.7717
,70.9810,7.0917,125.5531,6.7836
,71.0940,7.1029,125.6822,6.7896
,71.2840,7.1220,125.8108,6.8066
,71.5030,7.1440,125.9359,6.8327
,71.6260,7.1563,126.0643,6.8433
,71.7930,7.1728,126.1918,6.8579
,71.8860,7.1821,126.3190,6.8697
,71.9240,7.1859,126.1858,6.8741
,71.9710,7.1908,126.3134,6.8783
,71.9910,7.1927,126.4401,6.8813
,72.2110,7.2147,126.5702,6.8963
,72.4800,7.2415,126.6957,6.9236
,72.7100,7.2646,126.8231,6.9473
,72.8420,7.2778,126.9509,6.9590
,72.9780,7.2914,127.0777,6.9731
,73.1650,7.3101,127.2046,6.9894
,73.2850,7.3221,127.3306,6.9948
,73.5370,7.3472,127.4557,7.0204
,73.7340,7.3669,127.5819,7.0385
,73.8860,7.3822,127.7135,7.0527
,74.0700,7.4006,127.8423,7.0692
,74.1650,7.4101,127.9681,7.0772
,74.3240,7.4259,128.0932,7.0940
,74.5380,7.4474,128.2190,7.1231
,74.6550,7.4591,128.3446,7.1324
,75.0400,7.4977,128.4709,7.1785
,75.1230,7.5059,128.5998,7.1875
,75.3150,7.5251,128.7249,7.2088
,75.5060,7.5442,128.8508,7.2299
,75.6270,7.5564,128.9807,7.2476
,75.8820,7.5818,129.1081,7.2736
,75.9230,7.5858,129.2332,7.2759
,76.2430,7.6179,129.3589,7.3068
,76.3850,7.6321,129.4843,7.3194
,76.4690,7.6405,129.6113,7.3277
,76.5010,7.6436,129.4830,7.3304
,76.5550,7.6492,129.6103,7.3368
,76.7840,7.6721,129.7353,7.3473
,77.0300,7.6967,129.8664,7.3626
,77.1140,7.7050,129.9922,7.3686
,77.2240,7.7160,130.1215,7.3756
,77.3260,7.7261,129.9923,7.3832
,77.4280,7.7364,130.1223,7.3926
,77.5540,7.7490,130.2533,7.4035
,77.6130,7.7549,130.3796,7.4100
,77.7960,7.7732,130.5051,7.4282
,78.0140,7.7950,130.6333,7.4529
,78.2410,7.8177,130.7609,7.4728
,78.2770,7.8214,130.6342,7.4784
,78.3410,7.8276,130.7599,7.4850
,78.5260,7.8462,130.8856,7.5071
,78.6990,7.8635,131.0133,7.5331
,78.9070,7.8842,131.1438,7.5615
,79.0550,7.8991,131.2699,7.5800
,79.1970,7.9134,131.3983,7.5953
,79.5660,7.9502,131.5282,7.6382
,79.6010,7.9536,131.6557,7.6411
,79.8520,7.9788,131.7866,7.6651
,80.0350,7.9971,131.9148,7.6752
,80.0590,7.9995,132.0405,7.6761
,80.1600,8.0095,131.9118,7.6810
,80.1800,8.0115,131.7844,7.6823
,80.2300,8.0166,131.9123,7.6871
,80.2870,8.0222,132.0392,7.6913
,80.3360,8.0272,132.1709,7.6980
,80.4330,8.0370,132.0442,7.7077
,80.4760,8.0412,132.1694,7.7103
,80.5920,8.0529,132.2944,7.7189
,80.8910,8.0827,132.4214,7.7454
,81.0130,8.0949,132.5497,7.7549
,81.2220,8.1158,132.6768,7.7779
,81.3360,8.1271,132.8019,7.7908
,81.5360,8.1471,132.9278,7.8132
,81.5670,8.1502,132.8020,7.8173
,81.6550,8.1591,132.9324,7.8226
,81.7350,8.1672,133.0587,7.8282
,81.9600,8.1896,133.1861,7.8532
,82.2230,8.2159,133.3113,7.8821
,82.3620,8.2298,133.4388,7.8985
,82.5400,8.2476,133.5639,7.9201
,82.7440,8.2680,133.6913,7.9398
,82.9950,8.2932,133.8223,7.9609
,83.1780,8.3113,133.9495,7.9758
,83.2260,8.3162,134.0759,7.9820
,83.2740,8.3209,133.9494,7.9868
,83.5120,8.3448,134.0777,8.0072
,83.6240,8.3560,134.2038,8.0201
,83.6640,8.3601,134.3294,8.0264
,83.7070,8.3643,134.2028,8.0310
,83.7900,8.3727,134.3318,8.0353
,83.9280,8.3863,134.4580,8.0488
,84.2010,8.4137,134.5855,8.0766
,84.3920,8.4328,134.7133,8.1048
,84.5660,8.4502,134.8384,8.1200
,84.6180,8.4554,134.7098,8.1232
,84.6570,8.4593,134.8368,8.1263
,84.7780,8.4714,134.9633,8.1433
,85.0520,8.4988,135.0893,8.1643
,85.2520,8.5188,135.2180,8.1849
,85.5180,8.5455,135.3469,8.2150
,85.6110,8.5547,135.4760,8.2216
,85.8650,8.5802,135.6027,8.2452
,86.0760,8.6013,135.7319,8.2619
,86.2380,8.6173,135.8604,8.2767
,86.4710,8.6407,135.9859,8.2960
,86.5020,8.6438,135.8551,8.2976
,86.5990,8.6535,135.9859,8.3059
,86.6950,8.6631,136.1162,8.3156
,86.9350,8.6870,136.2421,8.3461
,87.1270,8.7064,136.3672,8.3706
,87.3450,8.7282,136.4926,8.3977
,87.6040,8.7539,136.6211,8.4300
,87.8250,8.7762,136.7462,8.4576
,88.0220,8.7958,136.8732,8.4782
,88.1340,8.8070,137.0007,8.4937
,88.4080,8.8344,137.1269,8.5272
,88.6370,8.8573,137.2528,8.5495
,88.8440,8.8781,137.3784,8.5670
,88.8840,8.8820,137.2449,8.5679
,88.9470,8.8884,137.3718,8.5698
,89.0810,8.9018,137.4985,8.5746
,89.2200,8.9156,137.6236,8.5821
,89.2600,8.9195,137.4955,8.5822
,89.2930,8.9229,137.6240,8.5854
,89.5540,8.9490,137.7520,8.6128
,89.5840,8.9520,137.8787,8.6144
,89.7550,8.9691,138.0046,8.6279
,89.8190,8.9754,137.8795,8.6348
,89.9850,8.9921,138.0069,8.6521
,90.1180,9.0054,138.1330,8.6684
,90.3160,9.0253,138.2582,8.6866
,90.5520,9.0488,138.3869,8.7123
,90.7570,9.0693,138.5126,8.7360
,91.0870,9.1022,138.6379,8.7815
,91.1840,9.1119,138.7634,8.7918
,91.3370,9.1273,138.8920,8.8151
,91.5470,9.1483,139.0189,8.8392
,91.9600,9.1896,139.1483,8.8784
,92.1470,9.2084,139.2781,8.8948
,92.2600,9.2196,139.4041,8.9068
,92.3170,9.2252,139.2770,8.9111
,92.4030,9.2339,139.4034,8.9206
,92.4840,9.2420,139.5298,8.9295
,92.5360,9.2472,139.4009,8.9337
,92.5940,9.2530,139.5268,8.9360
,92.7250,9.2662,139.6555,8.9471
,92.7890,9.2724,139.5284,8.9519
,92.8320,9.2768,139.6561,8.9562
,93.0410,9.2976,139.7813,8.9691
,93.2930,9.3230,139.9073,8.9945
,93.4200,9.3356,140.0337,9.0045
,93.7540,9.3691,140.1587,9.0480
,94.0190,9.3955,140.2876,9.0787
,94.2370,9.4173,140.4164,9.1091
,94.4170,9.4353,140.5468,9.1186
,94.5090,9.4445,140.6719,9.1226
,94.5770,9.4514,140.5453,9.1344
,94.6200,9.4556,140.6757,9.1406
,94.8220,9.4758,140.8038,9.1660
,95.1460,9.5083,140.9327,9.1906
,95.3270,9.5262,141.0598,9.2166
,95.4640,9.5400,141.1870,9.2255
,95.8490,9.5786,141.3157,9.2660
,96.0970,9.6033,141.4425,9.2854
,96.1430,9.6079,141.5732,9.2892
,96.2010,9.6138,141.4468,9.2967
,96.2540,9.6190,141.5736,9.3036
,96.6280,9.6564,141.7031,9.3530
,96.6630,9.6599,141.8329,9.3549
,96.7430,9.6680,141.7074,9.3636
,96.7860,9.6722,141.8329,9.3673
,97.0070,9.6943,141.9648,9.3909
,97.3010,9.7237,142.0915,9.4253
,97.4320,9.7369,142.2180,9.4346
,97.5650,9.7502,142.3430,9.4517
,98.0650,9.8001,142.4563,9.5053
,98.1090,9.8045,142.5820,9.5106
,98.4150,9.8350,142.7119,9.5334
,98.6090,9.8546,142.8375,9.5464
,98.8960,9.8831,142.9626,9.5779
,99.0990,9.9035,143.0908,9.6013
,99.3550,9.9291,143.2161,9.6318
,99.6340,9.9570,143.3470,9.6678
,99.7680,9.9704,143.4734,9.6820
,99.9830,9.9920,143.6000,9.7108
,100.2630,10.0198,143.7306,9.7438
,100.5880,10.0524,143.8558,9.7812
,100.8770,10.0813,143.9862,9.8150
,100.9680,10.0904,144.1129,9.8272
,101.3030,10.1238,144.2408,9.8562
,101.5820,10.1519,144.3680,9.8812
,101.7930,10.1730,144.4950,9.9001
,101.8500,10.1785,144.3700,9.9020
,102.0110,10.1947,144.4978,9.9172
,102.1070,10.2043,144.6231,9.9252
,102.2960,10.2232,144.7489,9.9469
,102.6150,10.2551,144.8745,9.9863
,102.8270,10.2764,145.0033,10.0084
,103.0720,10.3009,145.1299,10.0347
,103.2660,10.3201,145.2551,10.0594
,103.3130,10.3250,145.1283,10.0636
,103.4020,10.3339,145.2537,10.0736
,103.6760,10.3612,145.3829,10.1051
,103.9110,10.3847,145.5095,10.1239
,103.9850,10.3922,145.6353,10.1352
,104.0220,10.3958,145.5068,10.1401
,104.1190,10.4056,145.6319,10.1505
,104.2320,10.4168,145.7591,10.1659
,104.2800,10.4215,145.6314,10.1724
,104.3560,10.4291,145.7578,10.1795
,104.5020,10.4438,145.8880,10.1972
,104.7420,10.4678,146.0142,10.2268
,104.9800,10.4915,146.1410,10.2493
,105.3260,10.5262,146.2728,10.2907
,105.5850,10.5521,146.3986,10.3094
,105.9170,10.5854,146.5252,10.3400
,106.0900,10.6026,146.6513,10.3524
,106.3320,10.6268,146.7778,10.3784
,106.5080,10.6445,146.9053,10.3911
,106.5610,10.6497,146.7802,10.3981
,106.6400,10.6576,146.9061,10.4054
,106.8940,10.6829,147.0318,10.4312
,106.9590,10.6896,146.9045,10.4377
,107.0190,10.6955,147.0371,10.4426
,107.2000,10.7137,147.1650,10.4589
,107.3390,10.7275,147.2928,10.4738
,107.5990,10.7535,147.4178,10.5030
,107.8730,10.7809,147.5466,10.5321
,107.9210,10.7857,147.6739,10.5391
,107.9680,10.7903,147.5474,10.5456
,108.1400,10.8077,147.6728,10.5615
,108.2320,10.8169,147.5449,10.5703
,108.3060,10.8242,147.6715,10.5769
,108.4860,10.8422,147.8007,10.6009
,108.6700,10.8606,147.9291,10.6171
,109.0520,10.8988,148.0552,10.6572
,109.1810,10.9116,148.1818,10.6676
,109.4160,10.9352,148.3093,10.6889
,109.4570,10.9393,148.1816,10.6929
,109.5640,10.9500,148.3080,10.7052
,109.7350,10.9671,148.4364,10.7227
,110.0010,10.9937,148.5647,10.7477
,110.1870,11.0124,148.6931,10.7631
,110.4890,11.0424,148.8196,10.7981
,110.8630,11.0799,148.9448,10.8392
,111.0160,11.0951,149.0699,10.8576
,111.4870,11.1423,149.1968,10.9173
,111.5080,11.1443,149.3247,10.9200
,111.8310,11.1767,149.4534,10.9541
,111.8880,11.1824,149.3282,10.9599
,111.9720,11.1908,149.4555,10.9719
,111.9970,11.1934,149.5815,10.9742
,112.0670,11.2002,149.4558,10.9795
,112.2440,11.2180,149.5809,10.9889
,112.4240,11.2360,149.7068,11.0060
,112.4830,11.2420,149.5803,11.0122
,112.5210,11.2457,149.7090,11.0172
,112.5470,11.2483,149.8345,11.0208
,112.8930,11.2828,149.9620,11.0547
,113.0810,11.3018,150.0873,11.0677
,113.4180,11.3354,150.2211,11.0996
,113.8130,11.3749,150.3476,11.1399
,113.9920,11.3928,150.4751,11.1610
,114.3270,11.4264,150.6012,11.2029
,114.5290,11.4465,150.7275,11.2262
,114.5780,11.4514,150.6021,11.2311
,114.6960,11.4631,150.7290,11.2422
,114.9120,11.4849,150.8553,11.2620
,115.1460,11.5082,150.9859,11.2838
,115.3280,11.5264,151.1113,11.2993
,115.3630,11.5300,150.9773,11.3045
,115.4540,11.5391,151.1081,11.3161
,115.5770,11.5514,151.2370,11.3270
,115.8860,11.5821,151.3625,11.3493
,115.9890,11.5925,151.2366,11.3557
,116.0200,11.5957,151.3639,11.3604
,116.0630,11.6000,151.4891,11.3674
,116.1430,11.6079,151.3636,11.3770
,116.2500,11.6186,151.4898,11.3876
,116.4330,11.6368,151.6204,11.3980
,116.9240,11.6859,151.7502,11.4537
,117.0400,11.6975,151.8769,11.4679
,117.3290,11.7266,152.0033,11.5034
,117.6360,11.7572,152.1320,11.5415
,117.7620,11.7699,152.0010,11.5567
,117.7880,11.7724,152.1306,11.5584
,117.8290,11.7765,152.2575,11.5612
,118.3290,11.8265,152.3685,11.6103
,118.4100,11.8346,152.4947,11.6195
,118.6120,11.8548,152.6225,11.6392
,118.9710,11.8907,152.7495,11.6727
,119.0300,11.8967,152.6211,11.6775
,119.0700,11.9006,152.7489,11.6812
,119.1380,11.9075,152.8779,11.6882
,119.3810,11.9317,152.7524,11.7130
,119.4160,11.9351,152.8809,11.7166
,119.4620,11.9398,153.0083,11.7201
,119.7120,11.9649,152.8807,11.7481
,119.7470,11.9683,153.0115,11.7529
,119.7950,11.9731,153.1366,11.7568
,120.0830,12.0019,153.2678,11.7938
,120.2760,12.0213,153.3937,11.8210
,120.3620,12.0298,153.2681,11.8323
,120.4790,12.0415,153.3937,11.8465
,120.7100,12.0645,153.5215,11.8740
,120.9370,12.0873,153.6487,11.8990
,121.1170,12.1053,153.7751,11.9134
,121.1740,12.1109,153.6494,11.9173
,121.2230,12.1159,153.7773,11.9229
,121.2670,12.1202,153.6507,11.9243
,121.4020,12.1338,153.7761,11.9397
,121.6230,12.1559,153.9039,11.9583
,121.7030,12.1638,154.0330,11.9660
,121.7620,12.1698,153.9062,11.9698
,121.9820,12.1918,154.0359,11.9884
,121.9960,12.1933,154.1654,11.9892
,122.4960,12.2432,154.2600,12.0374
,122.6410,12.2577,154.3869,12.0485
,122.9580,12.2894,154.5130,12.0824
,123.0380,12.2974,154.6391,12.0916
,123.1190,12.3054,154.5128,12.1029
,123.2820,12.3219,154.6399,12.1267
,123.5040,12.3441,154.7656,12.1545
,123.9120,12.3848,154.8925,12.2114
,124.1580,12.4093,155.0193,12.2344
,124.3180,12.4254,155.1448,12.2417
,124.7980,12.4734,155.2706,12.2804
,125.0600,12.4996,155.3958,12.2976
,125.3700,12.5306,155.5211,12.3261
,125.4600,12.5396,155.6472,12.3367
,125.8710,12.5807,155.7737,12.3695
,126.0640,12.5999,155.9018,12.3905
,126.4340,12.6370,156.0272,12.4363
,126.4710,12.6408,155.9005,12.4409
,126.6880,12.6624,156.0266,12.4687
,126.7600,12.6695,156.1544,12.4731
,127.2350,12.7170,156.2818,12.5241
,127.3550,12.7290,156.4084,12.5345
,127.7280,12.7664,156.5341,12.5656
,127.9900,12.7926,156.6599,12.5874
,128.2170,12.8154,156.7914,12.6074
,128.2850,12.8221,156.6634,12.6151
,128.3650,12.8301,156.7922,12.6215
,128.6140,12.8550,156.9188,12.6438
,128.9150,12.8851,157.0466,12.6719
,129.1470,12.9083,157.1735,12.6923
,129.1820,12.9117,157.0446,12.6946
,129.2430,12.9180,157.1705,12.7013
,129.3570,12.9294,157.2967,12.7156
,129.4030,12.9339,157.1699,12.7177
,129.5260,12.9461,157.2987,12.7273
,129.8670,12.9803,157.4241,12.7777
,129.9090,12.9845,157.5510,12.7814
,129.9460,12.9883,157.4199,12.7858
,129.9860,12.9922,157.5466,12.7901
,130.0220,12.9958,157.4212,12.7940
,130.2330,13.0168,157.5484,12.8178
,130.3790,13.0315,157.6740,12.8310
,130.6770,13.0613,157.8028,12.8586
,131.0720,13.1009,157.9282,12.8959
,131.2860,13.1223,158.0561,12.9154
,131.5030,13.1438,158.1847,12.9342
,131.9730,13.1909,158.3176,12.9760
,132.2350,13.2172,158.4439,13.0069
,132.6850,13.2621,158.5711,13.0564
,132.9300,13.2867,158.7001,13.0854
,133.1350,13.3071,158.8273,13.1120
,133.4500,13.3386,158.9527,13.1499
,133.7480,13.3684,159.0786,13.1756
,134.2100,13.4146,159.2051,13.2176
,134.4610,13.4396,159.3341,13.2399
,134.5400,13.4476,159.2075,13.2458
,134.6030,13.4538,159.3383,13.2520
,134.6150,13.4551,159.4731,13.2537
,134.9720,13.4908,159.5982,13.2897
,135.0320,13.4967,159.4702,13.2956
,135.0920,13.5028,159.5990,13.3027
,135.3770,13.5313,159.7265,13.3372
,135.7380,13.5673,159.8561,13.3698
,136.0600,13.5996,159.9837,13.4040
,136.2240,13.6160,160.1095,13.4216
,136.2500,13.6186,159.9829,13.4261
,136.3540,13.6290,160.1081,13.4360
,136.3930,13.6328,160.2354,13.4408
,136.4350,13.6370,160.1079,13.4460
,136.6600,13.6596,160.2350,13.4700
,136.7440,13.6680,160.1097,13.4786
,136.7670,13.6702,160.2425,13.4804
,137.0330,13.6969,160.3725,13.5055
,137.3210,13.7257,160.4995,13.5311
,137.4360,13.7372,160.3734,13.5446
,137.4730,13.7408,160.5024,13.5475
,137.7920,13.7728,160.6277,13.5799
,137.9260,13.7862,160.7530,13.5997
,138.2750,13.8211,160.8785,13.6384
,138.6710,13.8607,161.0040,13.6839
,138.8920,13.8829,161.1315,13.7122
,139.3040,13.9240,161.2569,13.7598
,139.4830,13.9420,161.3824,13.7731
,139.5760,13.9513,161.2546,13.7851
,139.6090,13.9545,161.3865,13.7908
,140.0050,13.9940,161.5153,13.8252
,140.1910,14.0127,161.6451,13.8446
,140.3310,14.0267,161.5176,13.8623
,140.3670,14.0304,161.6484,13.8645
,140.6640,14.0599,161.7735,13.8881
,141.0410,14.0977,161.9039,13.9372
,141.2840,14.1221,162.0290,13.9661
,141.4860,14.1422,162.1543,13.9903
,141.5450,14.1482,162.0285,13.9969
,141.5800,14.1515,162.1544,13.9998
,141.8580,14.1794,162.2863,14.0270
,142.2730,14.2209,162.4131,14.0765
,142.5210,14.2457,162.5405,14.1058
,142.6250,14.2561,162.4108,14.1153
,142.6730,14.2610,162.5434,14.1194
,142.9110,14.2847,162.6701,14.1403
,143.3390,14.3275,162.7967,14.1876
,143.4850,14.3421,162.9252,14.2045
,143.5640,14.3499,162.7971,14.2120
,143.7040,14.3641,162.9227,14.2229
,143.7740,14.3709,163.0500,14.2315
,143.9660,14.3902,162.9247,14.2489
,144.0230,14.3958,163.0500,14.2546
,144.1450,14.4081,163.1813,14.2624
,144.2130,14.4148,163.0562,14.2672
,144.2720,14.4208,163.1819,14.2749
,144.5510,14.4487,163.3103,14.3021
,144.6860,14.4621,163.1840,14.3136
,144.7500,14.4686,163.3135,14.3186
,144.9610,14.4898,163.4418,14.3489
,145.4170,14.5353,163.5670,14.3931
,145.6090,14.5545,163.6935,14.4105
,145.9860,14.5922,163.8202,14.4599
,146.3590,14.6296,163.9469,14.4951
,146.4110,14.6346,163.8206,14.5016
,146.4600,14.6396,163.9471,14.5093
,146.7260,14.6662,164.0742,14.5428
,147.0340,14.6970,164.2034,14.5820
,147.3350,14.7271,164.3353,14.6124
,147.7470,14.7683,164.4616,14.6522
,147.7880,14.7723,164.5877,14.6544
,147.8150,14.7751,164.4593,14.6568
,147.8890,14.7825,164.5854,14.6611
,147.9620,14.7899,164.4587,14.6671
,148.0380,14.7974,164.5844,14.6692
,148.0630,14.8000,164.7124,14.6703
,148.1160,14.8052,164.5863,14.6753
,148.1440,14.8080,164.4580,14.6796
,148.1740,14.8111,164.5840,14.6835
,148.2260,14.8161,164.7138,14.6892
,148.2700,14.8205,164.5879,14.6974
,148.4260,14.8362,164.7135,14.7079
,148.4650,14.8400,164.5849,14.7127
,148.5330,14.8470,164.7106,14.7205
,148.5550,14.8491,164.8396,14.7231
,148.5970,14.8532,164.7137,14.7258
,148.6940,14.8630,164.8391,14.7354
,149.0480,14.8983,164.9667,14.7733
,149.2060,14.9143,165.0940,14.7904
,149.3960,14.9332,164.9675,14.8131
,149.4180,14.9354,165.0963,14.8154
,149.6930,14.9630,165.2222,14.8564
,149.9990,14.9935,165.3483,14.8920
,150.3930,15.0329,165.4743,14.9421
,150.4430,15.0379,165.3471,14.9475
,150.4860,15.0423,165.4731,14.9530
,150.7050,15.0641,165.3474,14.9798
,150.7380,15.0674,165.4751,14.9852
,150.7910,15.0726,165.6041,14.9922
,151.1730,15.1110,165.7342,15.0248
,151.3960,15.1332,165.8638,15.0458
,151.8960,15.1832,165.9605,15.0842
,151.9810,15.1917,166.0866,15.0940
,152.0720,15.2008,165.9609,15.1019
,152.3250,15.2262,166.0894,15.1231
,152.3630,15.2299,166.2157,15.1279
,152.4110,15.2347,166.0863,15.1356
,152.6040,15.2539,166.2115,15.1567
,152.9090,15.2846,166.3368,15.1943
,153.1040,15.3040,166.4660,15.2113
,153.5750,15.3512,166.5939,15.2754
,154.0750,15.4011,166.6535,15.3306
,154.0970,15.4033,166.7824,15.3314
,154.3690,15.4305,166.9075,15.3622
,154.8110,15.4747,167.0374,15.3911
,155.0630,15.4999,167.1646,15.4200
,155.2100,15.5146,167.0382,15.4365
,155.2650,15.5201,167.1669,15.4434
,155.2960,15.5233,167.2951,15.4457
,155.3380,15.5274,167.1646,15.4483
,155.4260,15.5363,167.2914,15.4554
,155.5060,15.5442,167.1644,15.4622
,155.5910,15.5526,167.2907,15.4733
,155.6200,15.5555,167.4183,15.4758
,155.6580,15.5594,167.2927,15.4776
,156.0440,15.5979,167.4181,15.5288
,156.2660,15.6201,167.5439,15.5519
,156.3640,15.6300,167.4168,15.5662
,156.4070,15.6343,167.5431,15.5716
,156.5590,15.6496,167.6732,15.5911
,156.7640,15.6699,167.8029,15.6138
,156.8510,15.6786,167.6732,15.6234
,156.9870,15.6923,167.7987,15.6329
,157.0690,15.7005,167.6695,15.6407
,157.1150,15.7051,167.7962,15.6462
,157.1480,15.7085,167.9216,15.6502
,157.2410,15.7177,167.7954,15.6570
,157.3080,15.7243,167.9228,15.6632
,157.5780,15.7515,168.0506,15.6842
,157.9750,15.7910,168.1773,15.7189
,158.3600,15.8296,168.3066,15.7566
,158.4900,15.8425,168.1787,15.7674
,158.6850,15.8620,168.3051,15.7910
,158.7130,15.8648,168.4314,15.7939
,159.0270,15.8963,168.5568,15.8295
,159.3940,15.9330,168.6846,15.8656
,159.7330,15.9668,168.8133,15.9045
,159.8740,15.9810,168.6848,15.9196
,159.9330,15.9868,168.8106,15.9245
,160.0760,16.0012,168.9403,15.9384
,160.5090,16.0444,169.0689,15.9754
,160.8560,16.0791,169.1943,16.0010
,161.2380,16.1174,169.3224,16.0353
,161.5380,16.1473,169.4487,16.0660
,161.6150,16.1551,169.3232,16.0744
,161.6660,16.1601,169.4568,16.0778
,162.0550,16.1992,169.5877,16.1267
,162.1920,16.2128,169.4596,16.1441
,162.2390,16.2174,169.5880,16.1485
,162.2810,16.2217,169.7133,16.1531
,162.7810,16.2717,169.7009,16.2102
,162.8400,16.2775,169.8288,16.2170
,163.1840,16.3120,169.9562,16.2567
,163.3790,16.3315,170.0834,16.2713
,163.4850,16.3420,169.9582,16.2845
,163.5460,16.3482,170.0868,16.2916
,163.8930,16.3829,170.2136,16.3264
,163.9150,16.3851,170.3406,16.3291
,163.9800,16.3915,170.2144,16.3316
,164.3520,16.4288,170.3409,16.3599
,164.5360,16.4471,170.4665,16.3767
,164.5820,16.4518,170.3366,16.3795
,164.6950,16.4631,170.4657,16.3927
,164.7810,16.4717,170.5931,16.4042
,164.8500,16.4786,170.4679,16.4128
,164.9950,16.4931,170.3376,16.4271
,165.0280,16.4964,170.4631,16.4310
,165.0630,16.5000,170.5922,16.4355
,165.4430,16.5379,170.7218,16.4883
,165.5420,16.5479,170.5943,16.5053
,165.5680,16.5504,170.7226,16.5066
,165.9630,16.5899,170.8476,16.5497
,166.0540,16.5990,170.9760,16.5564
,166.5510,16.6487,171.1036,16.6072
,166.9090,16.6845,171.2330,16.6341
,167.0080,16.6944,171.1068,16.6424
,167.0800,16.7015,171.2323,16.6483
,167.2360,16.7173,171.3588,16.6632
,167.2670,16.7203,171.2301,16.6675
,167.3120,16.7248,171.3558,16.6720
,167.4890,16.7425,171.4809,16.6881
,167.5170,16.7452,171.3497,16.6915
,167.5640,16.7500,171.4754,16.6948
,167.8340,16.7770,171.6008,16.7164
,167.8580,16.7794,171.4752,16.7186
,167.9830,16.7919,171.6028,16.7329
,168.2780,16.8214,171.7289,16.7694
,168.3670,16.8303,171.6014,16.7794
,168.5340,16.8471,171.7275,16.7958
,168.6240,16.8561,171.8585,16.8021
,168.7880,16.8723,171.7315,16.8260
,168.8310,16.8767,171.8608,16.8327
,168.9380,16.8873,171.7348,16.8452
,168.9640,16.8900,171.8663,16.8492
,169.1630,16.9099,171.9944,16.8696
,169.2370,16.9173,171.8642,16.8753
,169.3200,16.9256,171.9900,16.8836
,169.6550,16.9592,172.1151,16.9228
,169.9590,16.9894,172.2411,16.9470
,170.2700,17.0206,172.3689,16.9763
,170.7700,17.0705,172.3772,17.0188
,170.8160,17.0753,172.5040,17.0216
,171.3160,17.1251,172.6002,17.0756
,171.3530,17.1289,172.7280,17.0790
,171.4340,17.1370,172.5973,17.0882
,171.4740,17.1411,172.7255,17.0943
,171.8270,17.1763,172.8506,17.1349
,172.2360,17.2172,172.9780,17.1797
,172.7320,17.2669,173.1046,17.2315
,173.0220,17.2957,173.2299,17.2653
,173.3420,17.3279,173.3551,17.2898
,173.5490,17.3485,173.4804,17.2999
,173.5980,17.3534,173.3543,17.3054
,173.8270,17.3763,173.4822,17.3197
,173.8760,17.3813,173.6083,17.3237
,173.9160,17.3853,173.4831,17.3275
,174.0580,17.3994,173.6087,17.3421
,174.1730,17.4108,173.4794,17.3548
,174.2130,17.4148,173.6048,17.3592
,174.4090,17.4345,173.7312,17.3821
,174.7530,17.4688,173.8574,17.4162
,175.0430,17.4980,173.9852,17.4427
,175.0890,17.5025,173.8587,17.4483
,175.3110,17.5246,173.9842,17.4780
,175.5880,17.5523,174.1100,17.5063
,176.0200,17.5955,174.2367,17.5577
,176.0960,17.6032,174.1095,17.5676
,176.1440,17.6079,174.2350,17.5750
,176.2460,17.6182,174.3600,17.5869
,176.5030,17.6439,174.2319,17.6111
,176.5650,17.6501,174.3646,17.6179
,176.5830,17.6518,174.4914,17.6193
,176.6010,17.6536,174.3615,17.6211
,176.8750,17.6812,174.4900,17.6502
,177.0890,17.7026,174.6163,17.6662
,177.2820,17.7217,174.4877,17.6837
,177.4130,17.7348,174.6143,17.6958
,177.5920,17.7529,174.7448,17.7083
,177.6350,17.7571,174.6187,17.7101
,177.6970,17.7634,174.7465,17.7148
,177.7820,17.7718,174.6166,17.7250
,177.8630,17.7798,174.7482,17.7354
,177.9340,17.7870,174.8758,17.7399
,178.3530,17.8289,175.0031,17.7855
,178.4780,17.8414,174.8774,17.7938
,178.5220,17.8457,175.0055,17.7981
,178.6950,17.8631,175.1359,17.8198
,178.8750,17.8811,175.0093,17.8363
,178.9790,17.8915,175.1390,17.8492
,179.3680,17.9304,175.2641,17.8954
,179.6670,17.9603,175.3896,17.9318
,180.1670,18.0102,175.4698,17.9877
,180.3420,18.0278,175.5976,18.0071
,180.4670,18.0403,175.7258,18.0204
,180.5070,18.0443,175.6007,18.0237
,180.6970,18.0633,175.7263,18.0421
,180.7390,18.0674,175.5984,18.0422
,180.9000,18.0836,175.7236,18.0560
,181.3540,18.1290,175.8572,18.1022
,181.7260,18.1662,175.9870,18.1339
,182.0430,18.1979,176.1120,18.1759
,182.4090,18.2346,176.2406,18.2146
,182.4420,18.2378,176.1114,18.2158
,182.5340,18.2470,176.2368,18.2282
,182.6770,18.2612,176.1114,18.2389
,182.7080,18.2644,176.2476,18.2420
,182.7290,18.2665,176.3741,18.2445
,183.2290,18.3165,176.4845,18.2998
,183.7290,18.3665,176.5486,18.3428
,183.9560,18.3891,176.6741,18.3781
,184.1660,18.4102,176.8018,18.4001
,184.2100,18.4146,176.6757,18.4039
,184.4430,18.4379,176.8034,18.4282
,184.6830,18.4620,176.9289,18.4560
,185.1010,18.5036,177.0558,18.4984
,185.1470,18.5083,176.9298,18.5032
,185.2600,18.5196,177.0555,18.5142
,185.5130,18.5450,177.1827,18.5404
,185.9860,18.5922,177.3098,18.5859
,186.0930,18.6030,177.1846,18.5941
,186.1660,18.6103,177.3096,18.6035
,186.4660,18.6402,177.4353,18.6291
,186.5610,18.6497,177.5613,18.6337
,186.6000,18.6536,177.4355,18.6358
,186.8070,18.6742,177.5632,18.6579
,187.2420,18.7179,177.6896,18.7024
,187.5850,18.7520,177.8179,18.7406
,187.9350,18.7871,177.9474,18.7870
,187.9690,18.7905,177.8163,18.7909
,188.1700,18.8105,177.9414,18.8150
,188.3520,18.8289,178.0704,18.8404
,188.4870,18.8424,177.9431,18.8568
,188.7020,18.8638,178.0689,18.8833
,188.9090,18.8845,178.2016,18.9072
,189.0040,18.8940,178.0744,18.9143
,189.0450,18.8982,178.2010,18.9184
,189.3200,18.9255,178.3273,18.9460
,189.7160,18.9653,178.4532,18.9863
,190.1490,19.0085,178.5816,19.0106
,190.3960,19.0332,178.7072,19.0344
,190.5210,19.0457,178.5808,19.0381
,190.5860,19.0521,178.7059,19.0442
,191.0860,19.1021,178.7833,19.1018
,191.2800,19.1215,178.9125,19.1206
,191.5110,19.1447,178.7865,19.1536
,191.5440,19.1480,178.9153,19.1576
,191.7660,19.1701,179.0403,19.1878
,192.1210,19.2058,179.1666,19.2361
,192.5590,19.2495,179.2975,19.2879
,193.0290,19.2964,179.4231,19.3334
,193.5290,19.3465,179.5298,19.3724
,194.0290,19.3964,179.5922,19.4028
,194.1880,19.4124,179.7196,19.4120
,194.6080,19.4544,179.8452,19.4559
,194.8710,19.4806,179.9704,19.4853
,194.9030,19.4840,179.8424,19.4895
,195.0160,19.4953,179.9680,19.5025
,195.1350,19.5072,180.0958,19.5187
,195.1870,19.5123,179.9691,19.5247
,195.3920,19.5328,180.0943,19.5527
,195.4940,19.5430,179.9685,19.5620
,195.5570,19.5493,180.0942,19.5727
,195.6910,19.5627,180.2209,19.5881
,195.7440,19.5680,180.0953,19.5985
,195.8510,19.5787,180.2204,19.6109
,196.1010,19.6036,180.3457,19.6444
,196.1880,19.6125,180.2182,19.6531
,196.2410,19.6177,180.3459,19.6590
,196.3420,19.6278,180.4715,19.6700
,196.3910,19.6328,180.3455,19.6745
,196.4430,19.6378,180.4718,19.6778
,196.5260,19.6462,180.3465,19.6850
,196.6130,19.6549,180.4717,19.6909
,196.7540,19.6691,180.3449,19.7083
,196.8120,19.6747,180.4704,19.7135
,197.2140,19.7150,180.5961,19.7395
,197.5380,19.7475,180.7260,19.7685
,197.6370,19.7573,180.5982,19.7777
,197.6940,19.7630,180.7240,19.7799
,197.9110,19.7847,180.8530,19.7985
,198.0030,19.7940,180.7265,19.8084
,198.0590,19.7995,180.8543,19.8111
,198.5590,19.8495,180.9086,19.8642
,198.7880,19.8725,181.0350,19.8928
,199.1760,19.9112,181.1665,19.9418
,199.5350,19.9471,181.2916,19.9810
,199.7310,19.9668,181.1628,20.0062
,199.8110,19.9747,181.2916,20.0165
,199.8310,19.9768,181.4166,20.0190
,199.9010,19.9837,181.2878,20.0282
,199.9970,19.9933,181.4131,20.0391
,200.4970,20.0433,181.4865,20.0899
,200.7220,20.0657,181.6122,20.1080
,201.2050,20.1142,181.7377,20.1615
,201.2640,20.1199,181.6096,20.1669
,201.3550,20.1291,181.7360,20.1769
,201.6640,20.1601,181.8633,20.1996
,201.6990,20.1636,181.7376,20.2020
,201.7810,20.1718,181.8688,20.2114
,202.1860,20.2122,181.9974,20.2519
,202.2150,20.2151,182.1233,20.2548
,202.2650,20.2202,181.9954,20.2594
,202.4380,20.2374,182.1253,20.2744
,202.8850,20.2821,182.2526,20.3225
,203.3240,20.3259,182.3781,20.3753
,203.3610,20.3297,182.2529,20.3787
,203.4140,20.3351,182.3789,20.3829
,203.4710,20.3407,182.2530,20.3876
,203.5240,20.3461,182.3795,20.3963
,203.8280,20.3763,182.5075,20.4393
,204.3280,20.4264,182.5539,20.4883
,204.4960,20.4431,182.6799,20.5124
,204.9960,20.4932,182.7302,20.5611
,205.1620,20.5098,182.8552,20.5782
,205.2080,20.5144,182.7277,20.5821
,205.3590,20.5296,182.8548,20.5974
,205.7940,20.5731,182.9851,20.6319
,206.0490,20.5986,183.1125,20.6602
,206.0780,20.6013,182.9826,20.6617
,206.1080,20.6043,183.1095,20.6638
,206.6080,20.6545,183.1462,20.7074
,206.6910,20.6626,183.2749,20.7185
,207.1910,20.7128,183.2234,20.7701
,207.2500,20.7186,183.3484,20.7754
,207.4960,20.7430,183.4757,20.7999
,207.6500,20.7587,183.6012,20.8175
,207.6790,20.7615,183.4718,20.8228
,207.8700,20.7806,183.3452,20.8507
,207.8940,20.7830,183.4745,20.8518
,208.1090,20.8045,183.6030,20.8750
,208.3540,20.8291,183.7326,20.8964
,208.8540,20.8790,183.8175,20.9489
,209.0360,20.8973,183.9473,20.9667
,209.1030,20.9038,183.8186,20.9710
,209.3500,20.9286,183.9439,20.9933
,209.6430,20.9579,184.0723,21.0244
,209.7650,20.9700,183.9460,21.0348
,209.8210,20.9757,184.0738,21.0402
,210.1770,21.0114,184.2007,21.0637
,210.5890,21.0525,184.3273,21.1105
,210.9790,21.0915,184.4530,21.1600
,211.0880,21.1024,184.3248,21.1739
,211.1420,21.1077,184.4501,21.1808
,211.5890,21.1525,184.5804,21.2353
,212.0890,21.2025,184.6297,21.3023
,212.2150,21.2151,184.7557,21.3161
,212.6290,21.2565,184.8813,21.3627
,212.7270,21.2663,184.7537,21.3728
,212.7700,21.2705,184.8845,21.3774
,213.1570,21.3094,185.0101,21.4083
,213.5870,21.3523,185.1363,21.4470
,213.6180,21.3555,185.0095,21.4512
,213.6920,21.3628,185.1364,21.4550
,214.1330,21.4068,185.2630,21.4929
,214.5030,21.4439,185.3894,21.5274
,214.5320,21.4468,185.2622,21.5316
,214.6320,21.4568,185.3923,21.5456
,215.1320,21.5068,185.5095,21.6022
,215.2860,21.5221,185.6356,21.6211
,215.4440,21.5381,185.5078,21.6395
,215.5510,21.5487,185.6368,21.6523
,215.6000,21.5536,185.5113,21.6572
,215.6240,21.5560,185.6381,21.6598
,215.7140,21.5649,185.7642,21.6719
,215.7670,21.5702,185.6384,21.6784
,216.0190,21.5956,185.7651,21.7054
,216.3220,21.6257,185.8905,21.7346
,216.3930,21.6329,185.7653,21.7397
,216.5870,21.6523,185.8936,21.7550
,217.0870,21.7023,185.9308,21.7970
,217.2320,21.7168,186.0562,21.8133
,217.5030,21.7439,186.1824,21.8349
,218.0030,21.7940,186.2101,21.8815
,218.1850,21.8121,186.3362,21.9046
,218.5700,21.8507,186.4636,21.9439
,218.6220,21.8558,186.3382,21.9484
,218.7000,21.8636,186.4638,21.9589
,219.1970,21.9133,186.5925,22.0235
,219.6970,21.9634,186.6985,22.0594
,219.8660,21.9802,186.8247,22.0768
,220.1050,22.0040,186.6982,22.0974
,220.2800,22.0217,186.8238,22.1135
,220.6250,22.0561,186.9513,22.1451
,220.8280,22.0764,187.0782,22.1727
,220.8640,22.0801,186.9523,22.1764
,221.0140,22.0950,187.0784,22.1942
,221.0510,22.0988,186.9503,22.1987
,221.1640,22.1099,187.0787,22.2129
,221.6640,22.1601,187.1637,22.2778
,221.9280,22.1863,187.2901,22.3112
,222.1180,22.2055,187.4170,22.3323
,222.1590,22.2095,187.2906,22.3362
,222.5240,22.2459,187.4158,22.3601
,222.6290,22.2565,187.5422,22.3688
,222.6600,22.2596,187.4153,22.3723
,222.8270,22.2763,187.5409,22.3905
,222.9050,22.2842,187.4129,22.3986
,222.9970,22.2932,187.5383,22.4053
,223.4970,22.3434,187.6582,22.4384
,223.8960,22.3832,187.7864,22.4757
,224.0650,22.4002,187.9135,22.4961
,224.2270,22.4162,187.7873,22.5125
,224.3300,22.4265,187.9125,22.5274
,224.8300,22.4765,188.0249,22.5920
,225.2350,22.5172,188.1509,22.6470
,225.7350,22.5671,188.2425,22.6941
,226.0260,22.5962,188.3681,22.7145
,226.4140,22.6350,188.4933,22.7439
,226.5400,22.6476,188.3649,22.7571
,226.6950,22.6631,188.4909,22.7658
,227.1260,22.7062,188.6192,22.8051
,227.6260,22.7563,188.7114,22.8659
,227.7060,22.7642,188.5837,22.8734
,227.8010,22.7736,188.7091,22.8869
,228.0830,22.8020,188.8365,22.9245
,228.4660,22.8402,188.9627,22.9730
,228.7160,22.8652,189.0925,22.9944
,228.8430,22.8779,188.9629,23.0084
,229.0110,22.8947,189.0903,23.0321
,229.5110,22.9447,189.1835,23.0736
,229.6060,22.9541,189.0546,23.0835
,229.6520,22.9587,189.1881,23.0874
,229.7020,22.9638,189.0605,23.0916
,229.7570,22.9692,189.1875,23.0980
,229.9800,22.9916,189.3134,23.1209
,230.3450,23.0280,189.4391,23.1583
,230.8450,23.0781,189.4457,23.2226
,231.0940,23.1030,189.5724,23.2561
,231.2070,23.1144,189.7001,23.2725
,231.4500,23.1386,189.5689,23.3025
,231.5800,23.1515,189.6952,23.3111
,231.9350,23.1871,189.8208,23.3461
,232.4350,23.2372,189.7933,23.3813
,232.6310,23.2566,189.9192,23.3972
,232.9770,23.2913,190.0477,23.4341
,233.2860,23.3222,189.9206,23.4600
,233.3620,23.3298,190.0462,23.4721
,233.4700,23.3406,190.1725,23.4879
,233.9700,23.3905,190.1708,23.5480
,234.0290,23.3965,190.2965,23.5524
,234.1830,23.4120,190.1714,23.5746
,234.2130,23.4149,190.2995,23.5796
,234.5600,23.4495,190.4274,23.6150
,235.0600,23.4996,190.4685,23.6657
,235.2960,23.5233,190.5951,23.6807
,235.3560,23.5292,190.4668,23.6862
,235.4190,23.5356,190.5938,23.6908
,235.8140,23.5749,190.7204,23.7233
,236.2260,23.6162,190.8471,23.7471
,236.7260,23.6662,190.9201,23.8122
,236.9340,23.6870,191.0480,23.8343
,236.9670,23.6902,190.9182,23.8392
,237.0410,23.6977,191.0439,23.8487
,237.1330,23.7069,190.9179,23.8602
,237.2740,23.7211,191.0431,23.8766
,237.7200,23.7657,191.1720,23.9295
,238.0650,23.8001,191.2988,23.9653
,238.1990,23.8135,191.1716,23.9723
,238.3150,23.8252,191.2984,23.9835
,238.7540,23.8690,191.4266,24.0135
,238.9830,23.8920,191.2978,24.0354
,239.0760,23.9012,191.4237,24.0436
,239.3340,23.9270,191.5524,24.0601
,239.8340,23.9769,191.5691,24.1065
,239.9880,23.9923,191.6994,24.1217
,240.1790,24.0115,191.8281,24.1478
,240.2140,24.0150,191.6989,24.1514
,240.4270,24.0362,191.8241,24.1783
,240.9270,24.0864,191.8523,24.2339
,241.1690,24.1105,191.9777,24.2610
,241.6370,24.1573,192.1028,24.3166
,242.1370,24.2073,192.0749,24.3593
,242.2990,24.2235,192.2043,24.3728
,242.4620,24.2397,192.3295,24.3843
,242.5700,24.2506,192.2028,24.3919
,242.6440,24.2581,192.3284,24.4019
,243.1440,24.3080,192.4138,24.4513
,243.4230,24.3359,192.5411,24.4805
,243.9230,24.3860,192.5129,24.5326
,243.9540,24.3891,192.6424,24.5348
,244.1090,24.4044,192.5139,24.5541
,244.1600,24.4096,192.6408,24.5598
,244.2110,24.4146,192.7679,24.5658
,244.2560,24.4192,192.6410,24.5703
,244.4690,24.4405,192.7683,24.5943
,244.9690,24.4906,192.8236,24.6463
,245.1630,24.5100,192.9520,24.6725
,245.6630,24.5600,193.0162,24.7246
,246.1630,24.6099,193.0832,24.7768
,246.2160,24.6153,193.2112,24.7801
,246.2770,24.6213,193.0844,24.7865
,246.5740,24.6510,193.2109,24.8199
,247.0610,24.6996,193.3373,24.8694
,247.4320,24.7368,193.4657,24.9060
,247.4760,24.7413,193.5930,24.9125
,247.5300,24.7466,193.4653,24.9177
,247.7940,24.7730,193.5936,24.9432
,247.8530,24.7789,193.4681,24.9489
,247.9250,24.7861,193.5934,24.9557
,248.0070,24.7943,193.4653,24.9668
,248.0460,24.7983,193.5909,24.9725
,248.1660,24.8103,193.4658,24.9871
,248.2300,24.8166,193.5914,24.9956
,248.5680,24.8504,193.7203,25.0290
,249.0190,24.8954,193.8470,25.0789
,249.3130,24.9250,193.7175,25.1074
,249.3390,24.9276,193.8448,25.1099
,249.3600,24.9296,193.9709,25.1111
,249.8600,24.9796,194.0769,25.1559
,249.8880,24.9825,193.9514,25.1602
,249.9980,24.9935,194.0772,25.1693
,250.1070,25.0043,193.9517,25.1821
,250.3330,25.0269,194.0818,25.2019
,250.5400,25.0476,194.2082,25.2202
,250.6160,25.0552,194.0815,25.2271
,250.6620,25.0598,194.2067,25.2325
,250.8340,25.0770,194.0797,25.2482
,250.8810,25.0816,194.2081,25.2514
,251.2160,25.1152,194.3345,25.2838
,251.2790,25.1215,194.2084,25.2923
,251.3220,25.1257,194.3372,25.2976
,251.7190,25.1656,194.4625,25.3444
,251.7490,25.1686,194.3290,25.3479
,251.9670,25.1903,194.4562,25.3702
,251.9830,25.1919,194.5862,25.3727
,252.0340,25.1969,194.4610,25.3800
,252.1720,25.2108,194.5865,25.3936
,252.2070,25.2144,194.4595,25.3972
,252.4390,25.2376,194.5857,25.4166
,252.5140,25.2449,194.4551,25.4225
,252.5850,25.2520,194.5830,25.4301
,252.7860,25.2723,194.7092,25.4534
,252.8480,25.2784,194.5833,25.4573
,253.0100,25.2947,194.7092,25.4704
,253.4520,25.3389,194.8381,25.5026
,253.9520,25.3887,194.8688,25.5380
,254.4520,25.4387,194.9218,25.5858
,254.5140,25.4449,195.0481,25.5895
,254.6610,25.4597,195.1758,25.6108
,254.7360,25.4673,195.0497,25.6173
,254.9550,25.4891,195.1774,25.6407
,255.4550,25.5391,195.2348,25.7043
,255.8710,25.5808,195.3616,25.7408
,255.9830,25.5920,195.2364,25.7478
,255.9990,25.5936,195.3620,25.7489
,256.0220,25.5958,195.4870,25.7514
,256.0770,25.6013,195.3602,25.7549
,256.4570,25.6393,195.4875,25.7902
,256.9570,25.6892,195.5241,25.8428
,257.1550,25.7091,195.6510,25.8646
,257.3610,25.7298,195.5248,25.8816
,257.4340,25.7370,195.6499,25.8873
,257.5020,25.7437,195.7750,25.8944
,257.5930,25.7530,195.6499,25.9062
,257.6410,25.7577,195.7756,25.9066
,257.7490,25.7685,195.6488,25.9184
,257.8090,25.7746,195.7753,25.9220
,257.8890,25.7825,195.6435,25.9288
,257.9660,25.7901,195.7695,25.9357
,258.4210,25.8357,195.8954,25.9783
,258.7500,25.8686,196.0226,26.0150
,258.7960,25.8732,195.8960,26.0196
,259.0720,25.9009,196.0212,26.0466
,259.0970,25.9033,196.1467,26.0492
,259.1770,25.9113,196.0215,26.0557
,259.4450,25.9381,196.1500,26.0898
,259.5130,25.9449,196.0228,26.0992
,259.5510,25.9488,196.1545,26.1063
,259.5940,25.9530,196.2809,26.1128
,259.6640,25.9601,196.1537,26.1201
,259.7880,25.9724,196.2792,26.1367
,260.2880,26.0223,196.2563,26.1916
,260.3310,26.0267,196.3816,26.1961
,260.8310,26.0767,196.3054,26.2590
,260.8510,26.0787,196.4310,26.2617
,261.2400,26.1176,196.5584,26.3051
,261.7400,26.1676,196.5720,26.3373
,261.9780,26.1914,196.6974,26.3585
,262.4780,26.2414,196.7337,26.4026
,262.6360,26.2573,196.8636,26.4239
,262.6990,26.2635,196.7343,26.4306
,262.8370,26.2772,196.8624,26.4486
,263.0310,26.2967,196.9879,26.4723
,263.0570,26.2993,196.8571,26.4767
,263.0750,26.3012,196.7307,26.4793
,263.1130,26.3050,196.8561,26.4830
,263.1430,26.3079,196.9815,26.4866
,263.2050,26.3142,196.8529,26.4962
,263.2570,26.3193,196.9798,26.5045
,263.6470,26.3583,197.1065,26.5525
,263.8520,26.3788,197.2334,26.5859
,263.9300,26.3865,197.1080,26.5924
,263.9970,26.3933,197.2367,26.6009
,264.0370,26.3973,197.1112,26.6082
,264.5370,26.4472,197.1964,26.6718
,264.7440,26.4679,197.3219,26.6866
,264.8950,26.4831,197.1969,26.6946
,264.9500,26.4887,197.3237,26.6954
,265.4500,26.5386,197.4111,26.7289
,265.9290,26.5864,197.5367,26.7679
,266.4290,26.6365,197.5737,26.8256
,266.5590,26.6495,197.6989,26.8434
,267.0590,26.6994,197.6729,26.9160
,267.1070,26.7043,197.7997,26.9247
,267.6070,26.7543,197.7951,26.9936
,267.6420,26.7577,197.9211,26.9944
,267.6900,26.7626,197.7918,27.0002
,267.7400,26.7675,197.9197,27.0047
,268.0910,26.8027,198.0456,27.0429
,268.5910,26.8527,198.0980,27.0875
,268.9590,26.8895,198.2257,27.1171
,268.9900,26.8925,198.0979,27.1199
,269.0360,26.8972,198.2286,27.1245
,269.1410,26.9077,198.1006,27.1353
,269.2110,26.9147,198.2316,27.1409
,269.3530,26.9288,198.1046,27.1499
,269.4130,26.9350,198.2347,27.1556
,269.4790,26.9414,198.1094,27.1578
,269.5170,26.9453,198.2371,27.1594
,269.5530,26.9488,198.3674,27.1616
,270.0530,26.9988,198.3821,27.2175
,270.2020,27.0138,198.5121,27.2335
,270.3030,27.0240,198.3849,27.2441
,270.3640,27.0300,198.5131,27.2521
,270.4920,27.0428,198.3872,27.2665
,270.5230,27.0459,198.5139,27.2708
,270.7030,27.0638,198.6405,27.2884
,270.7590,27.0695,198.5135,27.2959
,271.0590,27.0995,198.6409,27.3372
,271.5590,27.1495,198.7167,27.3872
,272.0590,27.1996,198.7676,27.4331
,272.1320,27.2068,198.8934,27.4432
,272.1650,27.2102,198.7679,27.4461
,272.3760,27.2312,198.8981,27.4669
,272.5540,27.2489,198.7729,27.4799
,272.6070,27.2543,198.8985,27.4834
,272.8780,27.2815,199.0245,27.5084
,272.9890,27.2925,198.8982,27.5169
,273.1900,27.3126,199.0290,27.5348
,273.5570,27.3493,199.1613,27.5604
,274.0570,27.3993,199.2382,27.6093
,274.0800,27.4016,199.1057,27.6107
,274.1400,27.4077,199.2338,27.6174
,274.4640,27.4401,199.3642,27.6458
,274.5610,27.4498,199.2391,27.6552
,274.6610,27.4597,199.3661,27.6650
,275.1610,27.5098,199.4032,27.7212
,275.2200,27.5156,199.5309,27.7308
,275.3410,27.5277,199.4022,27.7396
,275.6460,27.5581,199.5285,27.7730
,275.8930,27.5829,199.6536,27.7997
,276.1080,27.6043,199.5271,27.8281
,276.1580,27.6094,199.6525,27.8336
,276.5510,27.6487,199.7820,27.8759
,276.6270,27.6563,199.6537,27.8811
,276.7510,27.6687,199.7798,27.8905
,276.9830,27.6920,199.9057,27.9075
,277.0580,27.6994,199.7757,27.9108
,277.2450,27.7181,199.9031,27.9260
,277.3890,27.7324,199.7742,27.9443
,277.4550,27.7392,199.9038,27.9508
,277.7100,27.7646,200.0344,27.9616
,278.2100,27.8146,199.9848,28.0055
,278.3120,27.8248,200.1102,28.0165
,278.7660,27.8702,200.2355,28.0656
,278.8300,27.8767,200.1090,28.0699
,278.8690,27.8805,200.2377,28.0720
,279.0380,27.8974,200.1063,28.0943
,279.0760,27.9012,200.2322,28.1032
,279.2550,27.9191,200.3639,28.1283
,279.3060,27.9242,200.2374,28.1359
,279.6010,27.9537,200.3630,28.1752
,279.8020,27.9737,200.4882,28.1949
,279.9750,27.9912,200.3615,28.2119
,280.1190,28.0055,200.4913,28.2262
,280.6010,28.0537,200.6192,28.2748
,280.9660,28.0901,200.7455,28.3128
,281.0030,28.0939,200.6156,28.3149
,281.2370,28.1174,200.7423,28.3381
,281.7370,28.1673,200.7610,28.3837
,281.7850,28.1721,200.8891,28.3852
,281.9410,28.1878,200.7620,28.4039
,282.0220,28.1958,200.8880,28.4115
,282.4010,28.2338,201.0131,28.4543
,282.5240,28.2461,200.8851,28.4696
,282.7080,28.2644,201.0131,28.4820
,282.8810,28.2817,200.8857,28.5002
,282.9140,28.2850,201.0171,28.5033
,283.1120,28.3048,201.1429,28.5261
,283.2570,28.3192,201.0152,28.5403
,283.4360,28.3372,201.1410,28.5664
,283.8990,28.3835,201.2714,28.6225
,284.3990,28.4335,201.3418,28.6794
,284.8990,28.4836,201.4340,28.7217
,285.3990,28.5335,201.4603,28.7638
,285.8090,28.5745,201.5877,28.8073
,286.0610,28.5998,201.7152,28.8292
,286.1160,28.6052,201.5893,28.8385
,286.4280,28.6363,201.7152,28.8664
,286.6460,28.6583,201.8403,28.8834
,286.7080,28.6644,201.7100,28.8879
,287.0430,28.6978,201.8356,28.9288
,287.5430,28.7479,201.8907,28.9963
,287.8260,28.7761,202.0172,29.0283
,288.3260,28.8262,202.0339,29.0775
,288.3670,28.8304,202.1611,29.0810
,288.8670,28.8802,202.1090,29.1179
,288.9800,28.8916,202.2343,29.1263
,289.4800,28.9416,202.2419,29.1684
,289.5050,28.9442,202.3730,29.1690
,289.6430,28.9579,202.2443,29.1782
,289.7760,28.9712,202.3709,29.1920
,290.1430,29.0079,202.4978,29.2335
,290.1790,29.0116,202.3702,29.2368
,290.2730,29.0209,202.4977,29.2487
,290.7730,29.0710,202.4703,29.3109
,291.1140,29.1051,202.5976,29.3493
,291.5030,29.1439,202.7236,29.3934
,291.7690,29.1705,202.8585,29.4256
,291.8120,29.1748,202.7284,29.4304
,292.0660,29.2002,202.8586,29.4469
,292.2400,29.2176,202.7324,29.4693
,292.2750,29.2211,202.8619,29.4745
,292.3040,29.2239,202.7304,29.4786
,292.3590,29.2295,202.8558,29.4827
,292.3840,29.2320,202.7287,29.4842
,292.4340,29.2369,202.8537,29.4882
,292.7350,29.2672,202.9794,29.5198
,292.8040,29.2741,202.8540,29.5265
,293.0430,29.2979,202.9814,29.5494
,293.2640,29.3200,203.1075,29.5788
,293.3210,29.3257,202.9808,29.5849
,293.5680,29.3504,203.1074,29.6174
,293.6830,29.3618,202.9792,29.6320
,293.8450,29.3781,203.1072,29.6531
,294.0770,29.4013,203.2324,29.6775
,294.5430,29.4480,203.1073,29.7322
,294.5700,29.4507,203.2343,29.7338
,295.0700,29.5005,203.2576,29.7746
,295.1170,29.5054,203.3849,29.7756
,295.3490,29.5285,203.5126,29.7938
,295.4710,29.5407,203.3868,29.8036
,295.6640,29.5600,203.5167,29.8225
,296.1640,29.6101,203.5365,29.8715
,296.2390,29.6175,203.6638,29.8813
,296.3450,29.6281,203.5366,29.8953
,296.4770,29.6413,203.6684,29.9184
,296.7420,29.6679,203.5413,29.9550
,296.8420,29.6779,203.6668,29.9677
,297.0280,29.6964,203.7920,29.9936
,297.1790,29.7115,203.6648,30.0183
,297.2710,29.7206,203.7899,30.0279
,297.4280,29.7365,203.6642,30.0505
,297.4820,29.7417,203.7901,30.0583
,297.5830,29.7519,203.9159,30.0759
,297.6230,29.7560,203.7880,30.0791
,297.9490,29.7884,203.9134,30.1007
,298.1520,29.8088,204.0399,30.1133
,298.1880,29.8124,203.9114,30.1131
,298.2780,29.8213,204.0378,30.1185
,298.3120,29.8247,203.9117,30.1216
,298.6720,29.8609,204.0369,30.1407
,299.1250,29.9061,204.1632,30.1686
,299.1630,29.9099,204.0382,30.1705
,299.2370,29.9174,204.1651,30.1750
,299.4860,29.9423,204.0401,30.2061
,299.5930,29.9529,204.1664,30.2202
,299.9170,29.9853,204.2914,30.2585
,300.4170,30.0354,204.2638,30.3307
,300.4730,30.0409,204.3910,30.3369
,300.6210,30.0558,204.2644,30.3550
,300.7240,30.0659,204.3933,30.3625
,300.9980,30.0934,204.5216,30.3887
,301.0520,30.0988,204.3912,30.3959
,301.0960,30.1033,204.5183,30.4019
,301.4870,30.1422,204.6472,30.4312
,301.5550,30.1492,204.5219,30.4399
,301.9550,30.1890,204.6486,30.4631
,302.1850,30.2121,204.7739,30.4825
,302.2260,30.2163,204.6446,30.4859
,302.3730,30.2310,204.7701,30.5025
,302.8730,30.2809,204.7689,30.5519
,303.1820,30.3118,204.9030,30.5802
,303.6440,30.3580,205.0284,30.6356
,303.7600,30.3696,204.9015,30.6483
,303.8600,30.3796,205.0282,30.6595
,304.1400,30.4076,204.8982,30.6869
,304.1780,30.4115,205.0256,30.6920
,304.3930,30.4328,205.1525,30.7158
,304.4930,30.4428,205.0267,30.7230
,304.6720,30.4608,205.1540,30.7380
,305.0380,30.4973,205.2800,30.7668
,305.1470,30.5082,205.1539,30.7766
,305.1660,30.5101,205.2808,30.7788
,305.2620,30.5198,205.1537,30.7884
,305.4580,30.5395,205.2795,30.8061
,305.7790,30.5715,205.4067,30.8470
,305.9280,30.5865,205.2787,30.8678
,306.0730,30.6009,205.4079,30.8868
,306.4320,30.6368,205.2804,30.9296
,306.4610,30.6397,205.4119,30.9332
,306.8160,30.6752,205.5370,30.9571
,307.2270,30.7163,205.6635,30.9749
,307.3050,30.7241,205.5352,30.9800
,307.4470,30.7382,205.6613,30.9875
,307.9470,30.7882,205.6647,31.0269
,308.0150,30.7951,205.7910,31.0344
,308.5150,30.8450,205.8468,31.1086
,308.5760,30.8512,205.9720,31.1182
,308.6320,30.8567,205.8449,31.1269
,309.1320,30.9068,205.8205,31.2017
,309.2120,30.9147,205.9501,31.2176
,309.5770,30.9514,206.0753,31.2654
,309.6800,30.9617,205.9497,31.2807
,309.7500,30.9685,206.0782,31.2844
,309.8080,30.9744,205.9505,31.2904
,309.8960,30.9831,206.0774,31.2988
,310.3960,31.0333,206.2007,31.3291
,310.8960,31.0832,206.1973,31.3407
,311.0570,31.0993,206.3227,31.3474
,311.1060,31.1041,206.1934,31.3502
,311.1760,31.1112,206.3206,31.3535
,311.5390,31.1476,206.4469,31.3934
,311.5980,31.1533,206.3199,31.4033
,311.6670,31.1603,206.4460,31.4086
,311.6990,31.1634,206.3164,31.4120
,311.9610,31.1897,206.4430,31.4485
,312.4610,31.2398,206.3738,31.5296
,312.4830,31.2419,206.4996,31.5330
,312.5440,31.2480,206.6256,31.5472
,312.6850,31.2622,206.4989,31.5668
,312.7360,31.2672,206.6240,31.5754
,312.9600,31.2895,206.4957,31.6021
,313.0280,31.2965,206.6250,31.6100
,313.5280,31.3463,206.6897,31.6523
,313.7640,31.3700,206.8150,31.6670
,313.9400,31.3876,206.6878,31.6684
,314.0510,31.3987,206.8161,31.6710
,314.4500,31.4386,206.9458,31.7014
,314.4880,31.4424,206.8207,31.7023
,314.5240,31.4461,206.9531,31.7043
,314.6940,31.4629,206.8262,31.7171
,314.9060,31.4842,206.9522,31.7299
,315.3920,31.5327,207.0774,31.7959
,315.5150,31.5451,206.9508,31.8140
,315.5800,31.5516,207.0788,31.8230
,315.7650,31.5701,206.9448,31.8465
,315.8020,31.5738,207.0703,31.8503
,315.9200,31.5856,207.1982,31.8680
,315.9580,31.5893,207.0717,31.8729
,316.1930,31.6129,207.1993,31.9081
,316.5430,31.6478,207.0732,31.9446
,316.5840,31.6520,207.2004,31.9476
,316.6020,31.6538,207.3264,31.9496
,316.6500,31.6585,207.1957,31.9543
,316.8820,31.6818,207.3294,31.9747
,316.9590,31.6895,207.1980,31.9795
,317.1700,31.7106,207.3256,32.0016
,317.3390,31.7275,207.4532,32.0159
,317.3720,31.7309,207.3206,32.0213
,317.5170,31.7454,207.4495,32.0372
,317.8280,31.7764,207.3236,32.0552
,317.8660,31.7803,207.4495,32.0552
,318.3660,31.8301,207.4040,32.0914
,318.3820,31.8317,207.5357,32.0930
,318.5820,31.8518,207.6641,32.1131
,318.6290,31.8565,207.5365,32.1168
,319.0890,31.9025,207.6639,32.1570
,319.4650,31.9401,207.7922,32.1838
,319.5300,31.9465,207.6650,32.1904
,319.6520,31.9588,207.7919,32.2036
,319.7860,31.9723,207.6656,32.2191
,319.9110,31.9848,207.7958,32.2375
,320.2660,32.0203,207.9222,32.2811
,320.3360,32.0272,207.7937,32.2917
,320.3890,32.0326,207.9245,32.2988
,320.6870,32.0622,207.7991,32.3205
,320.8470,32.0784,207.9298,32.3433
,321.0640,32.1001,208.0560,32.3685
,321.1110,32.1047,207.9307,32.3762
,321.1590,32.1095,208.0612,32.3817
,321.2000,32.1136,207.9353,32.3872
,321.2770,32.1213,208.0614,32.3950
,321.7770,32.1713,208.0773,32.4387
,321.9890,32.1925,208.2047,32.4554
,322.3180,32.2255,208.0771,32.4736
,322.3470,32.2284,208.2059,32.4749
,322.8420,32.2778,208.3329,32.5031
,322.8700,32.2806,208.2072,32.5078
,322.8920,32.2829,208.0800,32.5109
,322.9170,32.2854,208.2076,32.5116
,323.2490,32.3185,208.3349,32.5385
,323.7490,32.3684,208.4126,32.5967
,324.1020,32.4038,208.5400,32.6436
,324.2040,32.4139,208.4144,32.6614
,324.6720,32.4608,208.5440,32.7232
,324.7820,32.4718,208.4188,32.7316
,324.8320,32.4767,208.5454,32.7343
,325.3320,32.5269,208.6178,32.7821
,325.6560,32.5592,208.7453,32.8001
,325.7330,32.5669,208.6132,32.8017
,325.8470,32.5783,208.7406,32.8055
,325.8680,32.5805,208.6125,32.8062
,325.9610,32.5897,208.7428,32.8112
,326.2470,32.6183,208.6167,32.8318
,326.2700,32.6205,208.7421,32.8351
,326.7010,32.6637,208.8719,32.8676
,326.8170,32.6753,208.7412,32.8801
,326.9040,32.6841,208.8699,32.8890
,326.9460,32.6882,208.7407,32.8936
,326.9840,32.6920,208.8689,32.8972
,327.1090,32.7045,208.9970,32.9112
,327.1920,32.7128,208.8718,32.9199
,327.4720,32.7408,209.0025,32.9578
,327.6890,32.7625,208.8746,32.9875
,327.8690,32.7805,209.0046,33.0115
,328.3690,32.8305,208.9303,33.0652
,328.4160,32.8353,209.0573,33.0711
,328.5220,32.8458,209.1831,33.0764
,328.6550,32.8591,209.0554,33.0854
,328.7100,32.8646,209.1831,33.0906
,328.8200,32.8756,209.0568,33.0957
,328.8440,32.8780,209.1819,33.0979
,328.9480,32.8884,209.0539,33.1062
,329.0610,32.8996,209.1799,33.1208
,329.2490,32.9184,209.0542,33.1368
,329.3770,32.9313,209.1808,33.1423
,329.8170,32.9752,209.3078,33.1809
,329.9240,32.9861,209.1821,33.1911
,330.0160,32.9953,209.3114,33.1986
,330.5160,33.0452,209.4313,33.2431
,330.5750,33.0512,209.3044,33.2477
,330.6750,33.0611,209.4362,33.2598
,330.7220,33.0659,209.3058,33.2640
,330.8430,33.0779,209.4335,33.2766
,331.3430,33.1279,209.4396,33.3301
,331.5670,33.1502,209.5654,33.3541
,332.0670,33.2003,209.5405,33.4021
,332.1520,33.2088,209.6712,33.4084
,332.2080,33.2144,209.5460,33.4188
,332.5260,33.2463,209.6714,33.4615
,332.5560,33.2493,209.5395,33.4642
,332.6700,33.2606,209.6652,33.4752
,332.7560,33.2692,209.5361,33.4841
,332.8150,33.2750,209.6662,33.4872
,333.1870,33.3123,209.7928,33.5240
,333.3990,33.3334,209.6677,33.5470
,333.6030,33.3539,209.7936,33.5617
,333.9370,33.3873,209.9221,33.5839
,334.0190,33.3955,209.7955,33.5872
,334.1210,33.4057,209.9216,33.5986
,334.3240,33.4260,209.7951,33.6138
,334.4510,33.4386,209.9203,33.6194
,334.6660,33.4601,209.7929,33.6365
,334.8050,33.4741,209.9251,33.6432
,334.8250,33.4762,210.0511,33.6453
,334.8500,33.4787,209.9252,33.6471
,335.2220,33.5157,209.7973,33.6839
,335.2430,33.5178,209.9273,33.6872
,335.3380,33.5274,210.0561,33.6929
,335.3890,33.5325,209.9291,33.6994
,335.6890,33.5625,210.0599,33.7325
,335.8450,33.5780,209.9345,33.7509
,335.9160,33.5851,210.0613,33.7605
,336.1900,33.6126,209.9361,33.7942
,336.2170,33.6154,210.0657,33.7976
,336.7170,33.6653,210.0747,33.8479
,336.9790,33.6914,210.2015,33.8600
,337.0200,33.6956,210.0763,33.8635
,337.3200,33.7256,210.2036,33.8781
,337.5310,33.7466,210.0777,33.8875
,337.5680,33.7504,210.2061,33.8886
,337.6060,33.7542,210.0809,33.8917
,337.6710,33.7606,210.2079,33.8960
,337.9910,33.7927,210.0817,33.9224
,338.0210,33.7957,210.2072,33.9231
,338.0970,33.8032,210.0814,33.9326
,338.1430,33.8078,210.2072,33.9387
,338.2150,33.8150,210.3348,33.9437
,338.3360,33.8271,210.2061,33.9584
,338.4210,33.8357,210.3315,33.9680
,338.5140,33.8451,210.2063,33.9787
,338.5640,33.8500,210.3330,33.9865
,338.8440,33.8780,210.2080,34.0202
,339.1010,33.9038,210.3337,34.0439
,339.2560,33.9191,210.2086,34.0646
,339.3230,33.9259,210.3348,34.0736
,339.4540,33.9390,210.4648,34.0884
,339.5350,33.9471,210.3386,34.0947
,339.5850,33.9521,210.4638,34.0983
,339.6480,33.9584,210.3332,34.1030
,339.7280,33.9664,210.4599,34.1078
,339.8040,33.9740,210.3344,34.1108
,339.8620,33.9798,210.4613,34.1145
,340.0840,34.0019,210.3360,34.1245
,340.2860,34.0222,210.4611,34.1360
,340.7860,34.0722,210.4719,34.1482
,341.1480,34.1084,210.5981,34.1773
,341.2000,34.1135,210.4726,34.1847
,341.3440,34.1279,210.3443,34.1950
,341.3760,34.1313,210.4718,34.1998
,341.6970,34.1632,210.5990,34.2278
,341.7400,34.1677,210.4724,34.2368
,341.8740,34.1809,210.3452,34.2544
,341.9070,34.1842,210.4719,34.2547
,341.9640,34.1901,210.6004,34.2593
,342.0360,34.1972,210.4733,34.2689
,342.1490,34.2085,210.6040,34.2779
,342.3530,34.2289,210.4765,34.3009
,342.8530,34.2789,210.4812,34.3438
,343.1910,34.3127,210.6111,34.3564
,343.2310,34.3168,210.4812,34.3561
,343.2800,34.3215,210.6078,34.3556
,343.3860,34.3322,210.4826,34.3626
,343.8840,34.3820,210.6084,34.3749
,344.0550,34.3991,210.4821,34.3846
,344.5100,34.4447,210.6073,34.4159
,344.5620,34.4498,210.4818,34.4200
,345.0620,34.4999,210.4386,34.4801
,345.5620,34.5497,210.4695,34.5313
,346.0620,34.5997,210.4548,34.5541
,346.3970,34.6333,210.3291,34.5554
,346.4440,34.6381,210.4563,34.5560
,346.5070,34.6442,210.3299,34.5571
,347.0070,34.6944,210.2951,34.5689
,347.0890,34.7025,210.4242,34.5733
,347.1380,34.7074,210.2960,34.5747
,347.6380,34.7574,210.3896,34.6026
,347.6560,34.7592,210.2627,34.6036
,347.8140,34.7750,210.1357,34.6190
,347.9240,34.7860,210.2639,34.6303
,348.0020,34.7938,210.1385,34.6415
,348.5020,34.8438,210.1169,34.6907
,348.7850,34.8721,209.9919,34.7046
,349.0280,34.8963,209.8659,34.7144
,349.0650,34.9001,209.9925,34.7133
,349.2190,34.9155,209.8627,34.7126
,349.2620,34.9198,209.7368,34.7118
,349.2990,34.9236,209.8640,34.7131
,349.3910,34.9327,209.7355,34.7137
,349.6450,34.9581,209.6076,34.7049
,349.7750,34.9712,209.4823,34.7015
,349.9430,34.9879,209.3555,34.6991
,350.0560,34.9992,209.4823,34.7009
,350.0970,35.0033,209.3505,34.7011
,350.1980,35.0134,209.2244,34.7061
,350.4310,35.0367,209.0990,34.7073
,350.4780,35.0414,208.9708,34.7083
,350.7670,35.0702,208.8430,34.7298
,350.8760,35.0811,208.7165,34.7387
,350.9860,35.0921,208.5872,34.7425
,351.0160,35.0953,208.4590,34.7438
,351.1270,35.1064,208.3315,34.7442
,351.2170,35.1153,208.2064,34.7386
,351.2380,35.1175,208.0773,34.7378
,351.2910,35.1227,207.9521,34.7368
,351.4310,35.1366,207.8237,34.7233
,351.5070,35.1443,207.6972,34.7143
,351.5680,35.1503,207.5719,34.7052
,351.6300,35.1566,207.4463,34.6960
,351.6510,35.1587,207.3207,34.6918
,351.7180,35.1655,207.1953,34.6662
,351.7290,35.1666,207.0655,34.6589
,351.8120,35.1749,206.9331,34.6508
,351.8410,35.1778,206.8069,34.6472
,351.9030,35.1838,206.6802,34.6402
,351.9360,35.1872,206.5531,34.6463
,351.9610,35.1897,206.4215,34.6456
,352.0320,35.1967,206.2958,34.6349
,352.0820,35.2017,206.1693,34.6258
,352.1150,35.2049,206.0440,34.6214
,352.1530,35.2088,205.9121,34.6171
,352.1740,35.2110,205.7827,34.6152
,352.2620,35.2198,205.6549,34.6117
,352.2810,35.2218,205.5287,34.6117
,352.3110,35.2247,205.4024,34.6126
,352.3510,35.2287,205.2719,34.6119
,352.4220,35.2359,205.1434,34.6066
,352.4400,35.2377,205.0174,34.6044
,352.4890,35.2425,204.8913,34.6014
,352.5100,35.2446,204.7579,34.5990
,352.5590,35.2495,204.6304,34.5928
,352.5770,35.2512,204.5034,34.5921
,352.5870,35.2522,204.3743,34.5916
,352.6300,35.2566,204.2478,34.5872
,352.6490,35.2585,204.1213,34.5828
,352.6640,35.2599,203.9945,34.5775
,352.6860,35.2621,203.8657,34.5695
,352.7100,35.2645,203.7348,34.5617
,352.7360,35.2672,203.6066,34.5521
,352.7510,35.2687,203.4772,34.5460
,352.7750,35.2711,203.3522,34.5252
,352.7940,35.2729,203.2254,34.5004
,352.8090,35.2745,203.0852,34.4848
,352.8180,35.2754,202.9577,34.4782
,352.8340,35.2770,202.8266,34.4661
,352.8530,35.2790,202.6996,34.4494
,352.8710,35.2808,202.5741,34.4351
,352.8840,35.2821,202.4400,34.4271
,352.8960,35.2832,202.3068,34.4220
,352.9100,35.2846,202.1721,34.4166
,352.9200,35.2856,202.0402,34.4107
,352.9280,35.2864,201.9031,34.4055
,352.9340,35.2870,201.7674,34.4016
,352.9400,35.2876,201.6225,34.3974
,352.9450,35.2881,201.4903,34.3933
,352.9510,35.2887,201.3573,34.3881
,352.9570,35.2893,201.2171,34.3828
,352.9630,35.2899,201.0681,34.3776
,352.9690,35.2906,200.9332,34.3720
,352.9750,35.2912,200.7894,34.3656
,352.9800,35.2917,200.6618,34.3602
,352.9850,35.2922,200.5331,34.3548
,352.9910,35.2928,200.3858,34.3492
,352.9960,35.2933,200.2571,34.3450
,353.0010,35.2938,200.1255,34.3409
,353.0060,35.2943,199.9901,34.3368
,353.0110,35.2948,199.8578,34.3327
,353.0180,35.2954,199.7269,34.3265
,353.0280,35.2964,199.5918,34.3150
,353.0380,35.2974,199.4585,34.3028
,353.0500,35.2986,199.3215,34.2915
,353.0560,35.2992,199.1928,34.2864
,353.0620,35.2998,199.0466,34.2811
,353.0680,35.3004,198.9052,34.2756
,353.0740,35.3011,198.7578,34.2699
,353.0800,35.3017,198.6088,34.2640
,353.0860,35.3023,198.4827,34.2580
,353.0940,35.3031,198.3468,34.2504
,353.1050,35.3042,198.2094,34.2415
,353.1160,35.3052,198.0808,34.2315
,353.1250,35.3060,197.9465,34.2216
,353.1310,35.3066,197.8209,34.2143
,353.1370,35.3072,197.6908,34.2068
,353.1450,35.3080,197.5493,34.1959
,353.1520,35.3087,197.4044,34.1846
,353.1580,35.3093,197.2794,34.1750
,353.1650,35.3100,197.1489,34.1652
,353.1730,35.3108,197.0114,34.1557
,353.1810,35.3117,196.8804,34.1462
,353.1890,35.3125,196.7519,34.1356
,353.1960,35.3132,196.6235,34.1254
,353.2030,35.3139,196.4814,34.1148
,353.2100,35.3146,196.3397,34.1043
,353.2170,35.3153,196.2010,34.0930
,353.2240,35.3160,196.0743,34.0815
,353.2350,35.3171,195.9467,34.0650
,353.2450,35.3180,195.8116,34.0532
,353.2510,35.3186,195.6807,34.0475
,353.2560,35.3191,195.5557,34.0433
,353.2610,35.3196,195.4290,34.0392
,353.2660,35.3201,195.2850,34.0348
,353.2700,35.3205,195.1486,34.0312
,353.2730,35.3208,195.0219,34.0283
,353.2750,35.3210,194.8317,34.0263
,353.2760,35.3211,194.4092,34.0253
,353.2770,35.3212,193.4842,34.0243
,353.2780,35.3213,191.9583,34.0232
,353.2790,35.3214,189.8170,34.0221
,353.2800,35.3215,187.0973,34.0210
,353.2810,35.3216,183.8671,34.0198
,353.2820,35.3217,180.1926,34.0186
,353.2830,35.3218,176.1351,34.0173
,353.2840,35.3219,171.7476,34.0161
,353.2850,35.3220,167.0773,34.0148
,353.2860,35.3221,162.1667,34.0135
,353.2870,35.3222,157.0542,34.0123
,353.2880,35.3223,151.7757,34.0110
,353.2890,35.3224,146.3649,34.0098
,353.2900,35.3225,140.8542,34.0085
,353.2910,35.3226,135.2722,34.0073
,353.2920,35.3227,129.6454,34.0061
,353.2930,35.3228,123.9985,34.0050
,353.2940,35.3229,118.3557,34.0038
,353.2950,35.3231,112.7390,34.0027
,353.2960,35.3232,107.1676,34.0016
,353.2970,35.3233,101.6580,34.0006
,353.2980,35.3234,96.2248,33.9996
,353.2990,35.3235,90.8818,33.9986
,353.3000,35.3236,85.6419,33.9976
,353.3010,35.3237,80.5170,33.9967
,353.3020,35.3238,75.5170,33.9958
,353.3030,35.3239,70.6498,33.9950
,353.3040,35.3240,65.9216,33.9942
,353.3050,35.3241,61.3378,33.9934
,353.3060,35.3242,56.9034,33.9927
,353.3070,35.3243,52.6227,33.9920
,353.3080,35.3244,48.4992,33.9913
,353.3090,35.3245,44.5349,33.9907
,353.3100,35.3246,40.7312,33.9901
,353.3460,35.3282,-10.4318,33.9839
